,Identifier,SERIES,Open,High,Low,Close,LAST,PreviousClose,TOTTRDQTY,Turnover (Rs. Cr.),TIMESTAMP,TOTALTRADES,ISIN,Date,Growth,Historic High,Low From Historic High,Month,Month Open,Month Close,Month Low,Month High,Monthly - Growth,Monthly - Highest Fall From Start,Monthly - Highest Fall From Historic High,Monthly - Highest Rise From Start,Monthly - Turnover,Year,Year Open,Year Close,Year Low,Year High,Annual - Growth,Annual - Highest Fall From Start,Annual - Highest Fall From Historic High,Annual - Highest Rise From Start,Annual - Turnover,ClosePriceDiff,Gain,Loss,AvgGain,AvgLoss,Rs,Rsi,RsiCrossedAbove,RsiCrossedBelow
36249,TORNTPHARM,EQ,1501.0,1515.5,1472.2,1502.8,1505.0,1494.65,380577,569819146.7,28-JUL-2022,19251,INE685A01028,2022-07-28,-48.48043332933372,2964.3,0,2022-07,2850.0,1528.8,1430.0,2964.3,-47.58909134541216,-49.6132908158771,0,1.3435897435897497,9841891270.0,2022,2850.0,1550.6,1430.0,2964.3,-46.841735374277924,-49.6132908158771,0,1.3435897435897497,56523792351.3,8.149999999999864,8.15,0.0,6.090561224489796,101.94056122448978,0.059746200642130896,5.637783896363956,False,True
46194,INDUSTOWER,EQ,204.6,204.7,199.75,200.2,200.25,203.3,4564145,919239027.95,05-AUG-2022,77496,INE121J01017,2022-08-05,-3.7500000000000053,230.9,0,2022-08,223.75,199.8,192.35,229.75,-12.25296442687746,-13.898836168307973,0,0.0,16132172231.9,2022,210.0,190.45,182.5,230.9,-8.437500000000005,-10.757946210268948,0,9.48316737790422,59796826846.8,-3.1000000000000227,0.0,3.1,0.6002551020408163,2.5362244897959187,0.23667270166968413,19.137860919072793,False,True
49831,INDUSTOWER,EQ,199.75,199.85,192.7,193.85,193.8,199.75,7599621,1475317916.45,10-AUG-2022,75556,INE121J01017,2022-08-10,-6.802884615384618,230.9,0,2022-08,223.75,199.8,192.35,229.75,-12.25296442687746,-13.898836168307973,0,0.0,16132172231.9,2022,210.0,190.45,182.5,230.9,-8.437500000000005,-10.757946210268948,0,9.48316737790422,59796826846.8,-5.900000000000006,0.0,5.9,0.6002551020408163,2.460969387755102,0.2439100238416088,19.608333333333334,False,True
55280,INDUSTOWER,EQ,198.0,198.4,194.8,195.8,196.0,196.45,3157543,618338719.25,16-AUG-2022,36571,INE121J01017,2022-08-16,-5.86538461538461,230.9,0,2022-08,223.75,199.8,192.35,229.75,-12.25296442687746,-13.898836168307973,0,0.0,16132172231.9,2022,210.0,190.45,182.5,230.9,-8.437500000000005,-10.757946210268948,0,9.48316737790422,59796826846.8,-0.6499999999999773,0.0,0.65,0.5737244897959185,2.4010204081632653,0.23895027624309398,19.286510590858413,False,True
61345,TATASTEEL,EQ,112.55,112.9,109.55,110.05,109.75,112.55,57134813,6346785640.6,19-AUG-2022,227022,INE081A01020,2022-08-19,-87.39187718393768,976.7,0,2022-08,110.5,108.3,103.25,113.7,0.04618937644341539,-2.731983042863877,0,2.0188425302826376,145865530016.25,2022,866.95,112.65,95.0,976.7,-87.09400240591168,-88.9419159585613,0,11.622857142857148,755839074646.65,-2.5,0.0,2.5,0.9650510204081633,57.31224489795918,0.016838478795000535,1.6559639653836484,False,True
66162,INDUSTOWER,EQ,200.0,200.7,197.0,197.8,197.0,199.1,3270877,650207940.65,24-AUG-2022,32795,INE121J01017,2022-08-24,-4.903846153846148,230.9,0,2022-08,223.75,199.8,192.35,229.75,-12.25296442687746,-13.898836168307973,0,0.0,16132172231.9,2022,210.0,190.45,182.5,230.9,-8.437500000000005,-10.757946210268948,0,9.48316737790422,59796826846.8,-1.299999999999983,0.0,1.3,0.6267857142857142,2.616581632653061,0.2395437262357414,19.325153374233125,False,True
66743,RECLTD,EQ,105.35,105.85,104.3,105.6,105.4,105.4,2277452,239383832.55,24-AUG-2022,15637,INE020B01018,2022-08-24,-15.990453460620532,138.55,0,2022-08,132.0,108.75,102.5,138.55,-18.140760255927734,-22.0532319391635,0,4.172932330827076,10113595720.05,2022,122.8,116.5,91.05,138.55,-7.319013524264123,-24.188176519567026,0,9.96031746031747,99400229713.15,0.19999999999998863,0.2,0.0,0.564795918367347,2.371173469387755,0.23819257665411514,19.237118776609606,False,True
67284,ALKEM,EQ,2950.0,2952.75,2897.4,2920.55,2919.0,2937.2,287321,837594048.05,25-AUG-2022,11791,INE540L01014,2022-08-25,-3.302652054431679,3325.0,0,2022-08,3240.0,2974.65,2855.0,3251.1,-7.457184189649535,-10.707304486527903,0,0.0,13708834052.15,2022,2995.0,3004.7,2855.0,3400.0,-0.5165049829487257,-3.902792036217366,0,12.026359143327841,42388928310.05,-16.649999999999636,0.0,16.65,5.146938775510203,23.196428571428566,0.22188496645771474,18.159235324824948,False,True
70886,ALKEM,EQ,2855.0,2916.25,2855.0,2911.75,2914.45,2910.05,63193,183056315.15,29-AUG-2022,4927,INE540L01014,2022-08-29,-3.594013839684805,3325.0,0,2022-08,3240.0,2974.65,2855.0,3251.1,-7.457184189649535,-10.707304486527903,0,0.0,13708834052.15,2022,2995.0,3004.7,2855.0,3400.0,-0.5165049829487257,-3.902792036217366,0,12.026359143327841,42388928310.05,1.699999999999818,1.7,0.0,2.230612244897959,18.136989795918364,0.12298690521400342,10.951766636189419,False,True
71004,BALKRISIND,EQ,2000.0,2032.0,1975.0,2009.65,2015.35,2047.45,557397,1121186171.55,29-AUG-2022,24114,INE787D01026,2022-08-29,-7.476807624133887,2450.0,0,2022-08,2325.0,2046.05,1975.0,2450.0,-14.065814065814061,-14.548404542996215,0,1.7462987188272259,23529703702.65,2022,2125.0,2131.25,1796.3,2450.0,-1.8784097971962053,-14.847120170656556,0,12.436897659476823,92869564871.8,-37.799999999999955,0.0,37.8,5.379081632653061,26.153061224489797,0.2056769410846664,17.059042441305436,False,True
78806,IPCALAB,EQ,889.85,894.15,881.1,886.35,885.0,889.85,499504,443352770.2,05-SEP-2022,15308,INE571A01038,2022-09-05,-2.9083141636542837,1034.3,0,2022-09,900.0,915.0,852.75,917.7,1.7118719430858136,-4.46448577190231,0,1.1072549991736977,5633170047.3,2022,890.25,843.1,835.3,1034.3,-7.645963413298275,-6.172423476551535,0,13.130981678971828,34438445078.5,-3.5,0.0,3.5,1.9732142857142858,10.610204081632654,0.1859732640892479,15.681067164027823,False,True
82981,RECLTD,EQ,107.65,108.85,107.5,107.85,107.7,107.95,4119501,445436801.85,07-SEP-2022,23308,INE020B01018,2022-09-07,-14.20047732696898,138.55,0,2022-09,108.0,94.0,92.85,109.25,-12.47672253258846,-13.14312441534145,0,0.784132841328408,12503664426.05,2022,122.8,116.5,91.05,138.55,-7.319013524264123,-24.188176519567026,0,9.96031746031747,99400229713.15,-0.10000000000000853,0.0,0.1,0.5604591836734694,2.520918367346938,0.2223234163124874,18.188591770841967,False,True
83778,COFORGE,EQ,3540.0,3573.95,3487.45,3503.9,3499.0,3504.25,251651,885558055.0,08-SEP-2022,15042,INE591G01017,2022-09-08,0.45440862372958835,4058.6,0,2022-09,3550.0,3361.95,3210.05,3659.5,-3.9703509047544236,-7.202532377428297,0,3.084507042253521,20992836585.35,2022,3538.0,3884.1,3210.05,4265.0,11.354481730479772,-6.136144331705603,0,20.54833239118146,140553973487.55,-0.34999999999990905,0.0,0.35,8.158163265306124,34.080357142857146,0.2393802163254613,19.31451004076702,False,True
84690,PERSISTENT,EQ,3356.65,3394.6,3270.0,3279.1,3284.25,3301.25,313396,1037124805.8,08-SEP-2022,22114,INE262H01013,2022-09-08,-1.053108026554016,3923.0,0,2022-09,3508.8,3241.2,3092.05,3508.8,-4.669186311563406,-8.789085545722708,0,0.0,23490760047.05,2022,3385.0,3870.9,3092.05,4424.9,16.804465902232955,-5.443341844925918,0,29.297976477463646,151506765859.8,-22.15000000000009,0.0,22.15,9.441581632653063,43.89515306122449,0.21509394487095299,17.701836617562662,False,True
96320,BAJAJ-AUTO,EQ,3700.0,3731.85,3661.1,3708.25,3716.05,3689.55,454942,1681609132.75,19-SEP-2022,34117,INE917I01010,2022-09-19,2.307840865198921,4131.75,0,2022-09,4010.0,3527.75,3461.25,4131.75,-13.457056644506052,-13.684538653366584,0,0.0,35718947426.6,2022,3667.95,3616.05,3461.25,4131.75,-0.23588809799701282,-3.8835355863486134,0,12.315491885720505,169258728965.35,18.699999999999818,18.7,0.0,6.6053571428571445,29.468877551020405,0.2241468861995534,18.3104567537179,False,True
97085,LAURUSLABS,EQ,516.75,517.95,506.0,507.45,508.4,516.75,1026744,525014046.5,19-SEP-2022,21503,INE947Q01028,2022-09-19,9.105568694904314,605.5,0,2022-09,575.65,513.0,489.95,581.85,-10.64274516634733,-13.907924793533654,0,0.0,11437328760.65,2022,464.0,375.25,368.65,605.5,-19.318426144915076,-19.77149075081611,0,29.629629629629623,97755796951.6,-9.300000000000011,0.0,9.3,1.3099489795918369,5.323724489795919,0.24605874742440942,19.746962005845248,False,True
99201,PEL,EQ,948.35,986.0,946.0,970.05,968.55,942.4,1606119,1561188304.95,20-SEP-2022,50631,INE140A01024,2022-09-20,-42.01040172166427,2084.1,0,2022-09,1064.5,864.25,831.15,1075.7,-15.810238176416147,-18.91219512195122,0,0.0,30581120636.65,2022,1661.5,828.4,785.05,2084.1,-50.47824007651841,-51.72784849043842,0,23.839800344643162,206335302280.85,27.649999999999977,27.65,0.0,4.167091836734694,67.46403061224491,0.061767608589611236,5.817431996410178,False,True
100001,BERGEPAINT,EQ,640.0,642.5,621.9,623.0,623.65,633.9,831391,524624273.95,21-SEP-2022,28398,INE463A01038,2022-09-21,6.998711893516531,710.3,0,2022-09,677.0,617.0,606.35,687.95,-8.54517157044393,-9.722325616020242,0,0.0,12338579101.65,2022,570.45,581.35,563.75,710.3,-0.1545727780163121,0.0,0,21.63712646630703,68968713213.4,-10.899999999999977,0.0,10.9,0.7528061224489796,4.171173469387755,0.180478258210507,15.288571132525135,False,True
105691,GAIL,EQ,85.65,85.95,83.0,84.85,84.7,86.0,15119710,1276678977.15,26-SEP-2022,60302,INE129A01019,2022-09-26,-35.88968643747639,148.8,0,2022-09,136.45,87.05,83.0,137.3,-36.156949028236156,-38.632162661737524,0,0.0,24015064452.15,2022,134.1,96.05,83.0,148.8,-27.427276161692483,-36.6412213740458,0,9.090909090909095,156210805374.55,-1.1500000000000057,0.0,1.15,0.12933673469387755,3.5775510204081633,0.036152310325156874,3.4890922854586677,False,True
106214,MANAPPURAM,EQ,94.3,94.4,90.5,92.0,92.3,95.05,5440792,500121325.45,26-SEP-2022,35118,INE522D01027,2022-09-26,4.3083900226757335,111.45,0,2022-09,104.2,97.45,90.5,108.4,-5.525933107125548,-11.404796867351937,0,2.846299810246679,12358208970.550001,2022,84.9,116.15,83.65,126.0,31.689342403628117,0.0,0,40.625000000000014,88288366363.85,-3.049999999999997,0.0,3.05,0.22882653061224492,1.0701530612244898,0.21382598331346844,17.61586802827965,False,True
106968,VOLTAS,EQ,896.7,896.7,868.0,882.4,882.5,900.8,1908668,1677954707.6,26-SEP-2022,62517,INE226A01021,2022-09-26,-7.742171571958813,1064.95,0,2022-09,992.0,906.45,868.0,999.9,-7.500382672585336,-11.1975037086296,0,0.0,26951812184.3,2022,949.8,799.85,770.0,1064.95,-16.373046160280204,-17.91919837970366,0,9.828288557727022,135069575179.6,-18.399999999999977,0.0,18.4,1.5089285714285714,8.557142857142855,0.17633555926544245,14.990243037076468,False,True
107035,ABB,EQ,3001.0,3050.0,2968.0,3032.75,3040.0,3002.2,398174,1200193500.95,27-SEP-2022,30381,INE117A01022,2022-09-27,33.28132896789647,3446.3,0,2022-09,3254.9,3088.4,2966.05,3446.3,-9.263448600052875,-8.590668145956606,0,0.4942627611646601,26476364719.35,2022,2260.35,2683.0,2260.35,3446.3,17.910742929969906,0.0,0,49.09366212416181,156452010078.5,30.550000000000182,30.55,0.0,7.15,28.835459183673468,0.24795859689476712,19.86913648511657,False,True
107188,BAJAJ-AUTO,EQ,3590.0,3594.95,3510.1,3541.9,3535.0,3574.5,344198,1218431868.6,27-SEP-2022,31680,INE917I01010,2022-09-27,-2.2816310765325776,4131.75,0,2022-09,4010.0,3527.75,3461.25,4131.75,-13.457056644506052,-13.684538653366584,0,0.0,35718947426.6,2022,3667.95,3616.05,3461.25,4131.75,-0.23588809799701282,-3.8835355863486134,0,12.315491885720505,169258728965.35,-32.59999999999991,0.0,32.6,6.878061224489797,32.74591836734694,0.21004331432488865,17.358330221598436,False,True
108625,TATACOMM,EQ,1152.45,1154.6,1105.7,1116.15,1115.0,1130.8,315509,354481833.75,27-SEP-2022,14845,INE151A01013,2022-09-27,19.419033862943362,1284.35,0,2022-09,1195.0,1150.8,1096.05,1284.35,-8.45232886520027,-7.361703925960371,0,1.09410051556534,14847908253.4,2022,917.45,1274.45,908.9,1387.0,36.35585513293747,0.0,0,47.96244932792831,90828103239.9,-14.649999999999864,0.0,14.65,2.8288265306122446,11.605612244897959,0.24374642810040884,19.5977590442359,False,True
109140,COALINDIA,EQ,211.7,213.4,208.9,210.8,209.7,213.9,6134706,1295711963.7,28-SEP-2022,64508,INE522F01014,2022-09-28,15.034106412005462,240.5,0,2022-09,234.35,212.25,207.85,240.5,-7.837603126356931,-9.45327815290787,0,1.5624999999999951,39987555113.95,2022,185.0,225.05,176.6,263.4,22.810368349249664,0.0,0,41.49879129734084,258741600693.1,-3.0999999999999943,0.0,3.1,0.38469387755102036,2.2609693877551025,0.17014554891120381,14.540545752579305,False,True
109561,INDIAMART,EQ,4390.0,4424.95,4308.05,4341.4,4338.0,4408.8,104829,457616423.9,28-SEP-2022,12998,INE933S01016,2022-09-28,13.693858845096232,4880.0,0,2022-09,4398.0,4457.85,4230.0,4880.0,-0.5676622131019521,-2.9794261336269097,0,8.708969603813719,13358935744.1,2022,3822.5,4319.5,3676.0,4915.0,13.120335210161057,-3.0347792827844575,0,26.760200134110484,65016457380.5,-67.40000000000055,0.0,67.4,6.86811224489796,33.8984693877551,0.2026083291943228,16.847407778229723,False,True
109794,M&MFIN,EQ,178.0,183.95,176.1,177.7,176.8,183.0,8201053,1476707398.75,28-SEP-2022,68455,INE774D01024,2022-09-28,-0.5317660229499116,235.1,0,2022-09,204.0,185.25,176.1,235.1,-10.442349528643941,-13.464373464373466,0,12.893157262905158,31721697740.5,2022,176.05,234.6,171.05,243.4,31.318219983207378,0.0,0,35.44796883695048,135356600991.75,-5.300000000000011,0.0,5.3,0.8589285714285714,3.8441326530612243,0.22343884796602295,18.263180733347795,False,True
109814,MANAPPURAM,EQ,93.4,94.4,92.1,93.85,93.9,93.85,3815198,355990129.55,28-SEP-2022,21359,INE522D01027,2022-09-28,6.405895691609967,111.45,0,2022-09,104.2,97.45,90.5,108.4,-5.525933107125548,-11.404796867351937,0,2.846299810246679,12358208970.550001,2022,84.9,116.15,83.65,126.0,31.689342403628117,0.0,0,40.625000000000014,88288366363.85,0.0,0.0,0.0,0.2586734693877551,1.0545918367346938,0.24528301886792453,19.69696969696969,False,True
110053,PFC,EQ,106.1,106.6,104.9,105.2,105.1,106.5,5324088,562303289.45,28-SEP-2022,48384,INE134E01011,2022-09-28,-0.6610009442870659,122.45,0,2022-09,117.9,104.6,103.65,118.95,-10.940825883354625,-11.25856164383561,0,0.0,18300663883.0,2022,104.3,141.15,100.85,147.8,33.286118980169974,-2.2771317829457445,0,39.302544769085785,85751498172.0,-1.2999999999999972,0.0,1.3,0.271938775510204,1.1043367346938775,0.2462462462462462,19.759036144578317,False,True
110651,ABB,EQ,3050.0,3050.0,2973.0,2996.2,3007.25,3009.7,291653,876601714.05,29-SEP-2022,35351,INE117A01022,2022-09-29,31.67505328616318,3446.3,0,2022-09,3254.9,3088.4,2966.05,3446.3,-9.263448600052875,-8.590668145956606,0,0.4942627611646601,26476364719.35,2022,2260.35,2683.0,2260.35,3446.3,17.910742929969906,0.0,0,49.09366212416181,156452010078.5,-13.5,0.0,13.5,6.466836734693878,27.896173469387755,0.23181805711777456,18.81917997371997,False,True
110805,BAJAJ-AUTO,EQ,3563.0,3563.85,3465.05,3476.7,3487.5,3545.9,350931,1226294733.1,29-SEP-2022,34903,INE917I01010,2022-09-29,-4.080450256580039,4131.75,0,2022-09,4010.0,3527.75,3461.25,4131.75,-13.457056644506052,-13.684538653366584,0,0.0,35718947426.6,2022,3667.95,3616.05,3461.25,4131.75,-0.23588809799701282,-3.8835355863486134,0,12.315491885720505,169258728965.35,-69.20000000000027,0.0,69.2,7.080357142857144,31.967602040816324,0.22148540055700533,18.13246400292681,False,True
110911,BOSCHLTD,EQ,15895.0,15895.0,15300.0,15670.45,15735.0,15659.25,57959,901235264.05,29-SEP-2022,14666,INE323A01026,2022-09-29,-0.1010435858041638,18224.7,0,2022-09,17490.0,15814.85,15300.0,17898.0,-10.46365152111328,-11.850872417100934,0,0.16817821854213422,12483843383.15,2022,15273.0,17264.2,15201.55,18224.7,10.05909615396876,0.0,0,15.850666192026036,74637526058.45,11.200000000000728,11.2,0.0,24.27295918367347,128.6204081632653,0.18871779004823563,15.875743732293088,False,True
110912,BPCL,EQ,307.55,308.75,302.5,303.25,303.8,306.0,3266251,998007555.3,29-SEP-2022,63171,INE029A01011,2022-09-29,-4.7432071619287015,355.25,0,2022-09,325.5,304.8,300.85,345.6,-8.012675418741514,-7.202344231955572,0,3.783783783783791,26182043238.6,2022,308.5,330.5,288.05,355.25,3.8165541071148037,-5.773634281975786,0,11.276429130775254,142389209965.95,-2.75,0.0,2.75,0.7859693877551021,3.2275510204081637,0.2435188112551375,19.583042013601982,False,True
111191,GODREJPROP,EQ,1170.0,1187.4,1141.0,1162.0,1161.55,1155.25,779808,907356823.25,29-SEP-2022,28415,INE484J01027,2022-09-29,-5.359179019384261,1529.95,0,2022-09,1402.5,1193.9,1131.0,1483.5,-16.23811695373065,-18.312809215990754,0,2.9493407356002774,19330703783.95,2022,1167.0,1224.7,1131.0,1529.95,-0.25248411793450964,-3.0848329048843186,0,24.038266650451984,103824966629.65,6.75,6.75,0.0,4.030612244897959,21.012244897959185,0.19182206682206682,16.094857794800745,False,True
111288,HINDPETRO,EQ,220.1,220.85,214.35,216.45,216.35,219.0,4143743,898236836.0,29-SEP-2022,46155,INE094A01015,2022-09-29,-5.252790544977019,266.6,0,2022-09,243.5,216.3,213.65,255.0,-12.037413582757216,-11.933223413025553,0,3.1344792719919106,18752338114.65,2022,218.0,235.15,200.05,266.6,2.9328080542788433,-7.469935245143376,0,16.41921397379914,115502371447.55,-2.5500000000000114,0.0,2.55,0.7329081632653062,3.0142857142857147,0.24314488828706837,19.558853563891347,False,True
111350,IEX,EQ,142.0,142.8,139.2,139.75,139.9,140.55,4830070,679911433.0,29-SEP-2022,49203,INE022Q01020,2022-09-29,-12.519561815336463,175.85,0,2022-09,161.0,142.05,138.65,165.45,-11.32958801498126,-12.798742138364776,0,2.4775472282440387,22994231055.2,2022,158.0,140.0,129.25,175.85,-12.363067292644757,-17.67515923566879,0,9.121936084393415,126087269003.75,-0.8000000000000114,0.0,0.8,0.3316326530612245,1.678826530612245,0.1975383680291749,16.49536860804467,False,True
111404,IOC,EQ,66.1,67.3,65.2,65.9,66.1,65.75,24560255,1615474277.95,29-SEP-2022,75315,INE242A01010,2022-09-29,-11.602951039570748,75.15,0,2022-09,71.0,66.95,65.2,73.75,-5.903021784961353,-7.909604519774003,0,3.146853146853147,25277226295.15,2022,75.0,76.5,65.2,79.25,2.6156941649899434,-10.501029512697313,0,5.455755156353951,128605327405.6,0.15000000000000568,0.15,0.0,0.06377551020408163,0.5372448979591837,0.11870845204178536,10.611205432937183,False,True
111473,JSWSTEEL,EQ,620.5,628.0,617.05,618.25,617.55,616.5,3577828,2220770513.95,29-SEP-2022,66366,INE019A01038,2022-09-29,6.8065992916990545,701.8,0,2022-09,655.0,631.65,614.2,701.8,-4.526904474002425,-5.97780329123612,0,4.77754553598089,37424939287.0,2022,556.55,768.05,541.0,777.5,32.68549710633151,-2.793998742251362,0,33.93626184323858,211524878692.25,1.75,1.75,0.0,1.249234693877551,5.690816326530613,0.2195176618253541,18.00036757948905,False,True
111528,KOTAKBANK,EQ,1802.0,1810.0,1759.75,1765.3,1768.0,1792.6,2799627,4971014258.9,29-SEP-2022,140949,INE237A01028,2022-09-29,5.849198021286161,1987.2,0,2022-09,1875.0,1819.2,1757.7,1987.2,-4.396037522663367,-6.255999999999998,0,3.2043625032459127,112851451102.45,2022,1645.0,1827.25,1636.0,1997.55,9.563783540698546,0.0,0,18.937183685620717,594440684351.45,-27.299999999999955,0.0,27.3,2.7558673469387753,13.822448979591838,0.1993761996161228,16.62332466493298,False,True
111843,PEL,EQ,867.0,870.0,831.15,843.25,846.0,853.2,1451592,1228331767.85,29-SEP-2022,44582,INE140A01024,2022-09-29,-49.59050693448111,2084.1,0,2022-09,1064.5,864.25,831.15,1075.7,-15.810238176416147,-18.91219512195122,0,0.0,30581120636.65,2022,1661.5,828.4,785.05,2084.1,-50.47824007651841,-51.72784849043842,0,23.839800344643162,206335302280.85,-9.950000000000045,0.0,9.95,3.704336734693878,14.95765306122449,0.2476549442303101,19.849634338049356,False,True
111972,RELIANCE,EQ,2360.0,2367.5,2313.0,2325.3,2328.0,2332.45,6771046,15807234115.85,29-SEP-2022,288225,INE002A01018,2022-09-29,-3.4624486237389314,2676.9,0,2022-09,2582.65,2377.75,2311.0,2629.7,-7.133650992032497,-9.397420315991683,0,0.9501142056469415,296528439838.15,2022,2574.9,2547.2,2311.0,2755.0,5.749989620957363,-2.2832980972515857,0,6.288580246913581,1787589354380.4,-7.149999999999636,0.0,7.15,5.299489795918368,22.5875,0.23462046689179272,19.003448685931744,False,True
112241,TATAPOWER,EQ,216.15,218.0,210.5,212.25,212.85,213.9,18736174,4000938443.65,29-SEP-2022,173222,INE245A01021,2022-09-29,2.536231884057971,251.15,0,2022-09,235.05,216.5,210.25,251.15,-8.726812816188865,-10.302901023890787,0,4.536940686784602,103022338224.35,2022,202.7,207.7,194.6,251.15,0.338164251207724,-2.991026919242273,0,20.948711774620758,392207137721.15,-1.6500000000000057,0.0,1.65,0.6864795918367346,2.860459183673469,0.23998929813609202,19.354142692750287,False,True
112322,ULTRACEMCO,EQ,6218.0,6262.85,6145.0,6175.9,6198.0,6172.95,407574,2528350451.35,29-SEP-2022,56894,INE481G01011,2022-09-29,8.507124409227469,7029.0,0,2022-09,6629.0,6255.1,6005.0,7029.0,-5.690162080663395,-9.084027252081757,0,3.9792899408284024,75372217013.45,2022,5600.0,6959.05,5485.0,7299.0,22.266633870372655,0.0,0,28.058248168779333,324896583592.2,2.949999999999818,2.95,0.0,12.835969387755101,62.15127551020409,0.20652785131735024,17.117536996087765,False,True
112756,COALINDIA,EQ,213.0,216.0,207.85,212.25,212.85,213.9,12875386,2725361158.15,30-SEP-2022,64100,INE522F01014,2022-09-30,15.82537517053206,240.5,0,2022-09,234.35,212.25,207.85,240.5,-7.837603126356931,-9.45327815290787,0,1.5624999999999951,39987555113.95,2022,185.0,225.05,176.6,263.4,22.810368349249664,0.0,0,41.49879129734084,258741600693.1,-1.6500000000000057,0.0,1.65,0.514030612244898,2.2038265306122446,0.2332445884940387,18.913084287591516,False,True
114428,BAJAJFINSV,EQ,1686.0,1686.0,1638.0,1646.6,1645.0,1678.35,1464138,2437859572.65,03-OCT-2022,68215,INE918I01026,2022-10-03,-85.45733955690193,17845.0,0,2022-10,1686.0,1687.5,1621.0,1740.4,2.4839062310215048,-1.0378510378510377,0,3.22657176749704,48539010175.2,2022,10920.0,1547.85,1483.15,17845.0,-86.32949291458196,-86.17393168767246,0,57.32169620029974,589036791186.45,-31.75,0.0,31.75,8.814795918367349,1036.470918367347,0.008504624454154923,0.843290575762893,False,True
114469,BERGEPAINT,EQ,615.0,621.0,604.0,605.45,605.0,617.0,984379,602490086.3,03-OCT-2022,27745,INE463A01038,2022-10-03,3.984542722198376,710.3,0,2022-10,615.0,585.8,569.45,635.9,-3.245519861260234,-5.720198675496682,0,2.3993558776167436,9037256965.9,2022,570.45,581.35,563.75,710.3,-0.1545727780163121,0.0,0,21.63712646630703,68968713213.4,-11.549999999999955,0.0,11.55,1.1142857142857143,5.089795918367346,0.21892542101042506,17.960526315789465,False,True
114514,BSOFT,EQ,283.0,284.3,277.15,278.9,278.0,282.45,995894,280115099.25,03-OCT-2022,17966,INE836A01035,2022-10-03,-20.188868221490917,357.55,0,2022-10,283.0,270.85,262.2,298.4,-2.886339189673702,-5.3941908713692905,0,4.959549771368261,10158630796.6,2022,353.7,298.75,260.55,357.55,-14.508513378165686,-24.159510988211323,0,0.12601512181461455,95827207555.65,-3.5500000000000114,0.0,3.55,0.5040816326530613,4.445408163265306,0.11339377941007692,10.184517060096908,False,True
114657,DLF,EQ,357.3,357.9,346.0,347.85,348.0,356.7,4315023,1523717690.55,03-OCT-2022,47554,INE271C01023,2022-10-03,7.6435092062509815,413.85,0,2022-10,357.3,385.5,346.0,389.6,10.82363087537731,0.0,0,8.857222687901661,28069958079.3,2022,310.4,375.0,309.45,418.5,16.045180256846674,0.0,0,29.007398273736136,211328980856.8,-8.849999999999966,0.0,8.85,1.2933673469387756,5.434183673469387,0.23800582104966675,19.224935537691493,False,True
114813,GODREJPROP,EQ,1201.8,1217.3,1155.0,1164.35,1163.0,1193.9,652772,773928544.65,03-OCT-2022,30490,INE484J01027,2022-10-03,-5.1677797686919735,1529.95,0,2022-10,1201.8,1263.0,1151.5,1269.0,8.472538326104702,-0.30303030303030304,0,4.247104247104251,9735133307.3,2022,1167.0,1224.7,1131.0,1529.95,-0.25248411793450964,-3.0848329048843186,0,24.038266650451984,103824966629.65,-29.550000000000182,0.0,29.55,2.789030612244898,22.522704081632657,0.12383196094643724,11.018725685835804,False,True
114818,HDFCAMC,EQ,1895.0,1900.0,1830.0,1838.4,1839.5,1889.6,390958,728465418.2,03-OCT-2022,19730,INE127D01025,2022-10-03,0.2344474129000699,2218.85,0,2022-10,1895.0,2074.6,1830.0,2109.55,12.848128807658824,0.0,0,11.028947368421061,9160429871.1,2022,1782.0,2181.5,1779.7,2314.65,18.94117005615834,0.0,0,25.86460032626428,87322965332.6,-51.19999999999982,0.0,51.2,3.475510204081633,16.935714285714287,0.20521781044767126,17.027445883117522,False,True
114855,HAL,EQ,2354.85,2378.6,2276.0,2291.6,2296.0,2344.85,975646,2280406319.95,03-OCT-2022,55089,INE066F01012,2022-10-03,31.98940214261029,2638.35,0,2022-10,2354.85,2530.05,2276.0,2557.0,10.405393611450526,0.0,0,7.500210207685197,37983458711.8,2022,1763.0,2531.25,1720.1,2811.8,45.79253542218638,-0.42260043996759183,0,57.99292015508233,307093652502.1,-53.25,0.0,53.25,6.327551020408164,27.982908163265307,0.22612199502247182,18.442047034506345,False,True
114910,HINDPETRO,EQ,217.4,221.75,215.05,216.05,216.0,216.3,2956339,644632036.75,03-OCT-2022,43459,INE094A01015,2022-10-03,-5.42788356314291,266.6,0,2022-10,217.4,213.85,200.05,223.1,-1.0182828049062795,-6.975122064636132,0,0.6087936865839885,10700000205.75,2022,218.0,235.15,200.05,266.6,2.9328080542788433,-7.469935245143376,0,16.41921397379914,115502371447.55,-0.25,0.0,0.25,0.45765306122448984,2.7107142857142854,0.16883116883116886,14.444444444444443,False,True
114943,ICICIPRULI,EQ,520.0,528.2,509.0,509.9,509.1,525.95,714660,369813273.35,03-OCT-2022,29023,INE726G01019,2022-10-03,1.929035482258866,608.75,0,2022-10,520.0,507.55,490.0,533.55,-0.4608746813100541,-3.732809430255403,0,1.0128739113971807,9820699268.6,2022,489.0,451.3,437.7,608.75,-9.785107446276859,-9.603469640644361,0,21.15633396357847,89021744345.1,-16.050000000000068,0.0,16.05,0.3216836734693878,5.646683673469387,0.05696860176191553,5.389810223969917,False,True
114949,ICICIGI,EQ,1150.85,1154.05,1119.0,1125.45,1122.05,1151.15,1267334,1437217362.4,03-OCT-2022,111576,INE765G01017,2022-10-03,-1.7717652192886717,1369.0,0,2022-10,1150.85,1169.95,1116.3,1183.9,3.953973965969168,-0.24128686327078153,0,2.5865430440622275,19748981473.3,2022,1120.0,1236.8,1105.85,1369.0,7.946759764346494,0.0,0,19.043478260869566,110060343531.5,-25.700000000000045,0.0,25.7,2.4905612244897957,10.245918367346937,0.24307837864754508,19.55454964247801,False,True
114973,IEX,EQ,142.9,143.9,139.4,139.9,140.25,142.05,4560848,645641836.45,03-OCT-2022,49005,INE022Q01020,2022-10-03,-12.425665101721437,175.85,0,2022-10,142.9,139.9,134.0,146.95,0.0,-3.873744619799143,0,2.1195274496177783,10345070950.6,2022,158.0,140.0,129.25,175.85,-12.363067292644757,-17.67515923566879,0,9.121936084393415,126087269003.75,-2.1500000000000057,0.0,2.15,0.2387755102040816,1.788520408163265,0.13350449293966624,11.778029445073614,False,True
115027,IOC,EQ,67.25,68.05,66.55,66.7,67.0,66.95,13288633,895684178.3,03-OCT-2022,55237,INE242A01010,2022-10-03,-10.52984574111334,75.15,0,2022-10,67.25,68.25,65.55,69.2,2.323838080959516,-1.5026296018031555,0,1.6899338721528372,13445566080.7,2022,75.0,76.5,65.2,79.25,2.6156941649899434,-10.501029512697313,0,5.455755156353951,128605327405.6,-0.25,0.0,0.25,0.1260204081632653,0.5219387755102042,0.24144672531769298,19.448818897637793,False,True
115436,OFSS,EQ,2985.0,2996.95,2909.9,2921.75,2930.0,2982.5,66371,195865550.95,03-OCT-2022,9867,INE881D01027,2022-10-03,-4.491443701681843,3424.95,0,2022-10,2985.0,2912.85,2883.25,3055.0,-0.30461196200907303,-0.9158390322691532,0,1.9369692520729471,4342381119.349999,2022,3090.25,3023.35,2883.25,3424.95,-1.1702597126652887,-5.2886589471955325,0,9.636992221261876,32286814013.8,-60.75,0.0,60.75,6.208163265306122,25.537244897959187,0.2431023115497572,19.556098423361888,False,True
115486,PETRONET,EQ,200.9,203.3,198.0,198.65,198.6,199.9,1716312,344068983.7,03-OCT-2022,19263,INE347G01014,2022-10-03,-10.295777827952127,230.0,0,2022-10,200.9,205.55,195.7,210.55,3.4734457588723915,-1.1616161616161673,0,3.5661583866207573,6242292523.7,2022,215.3,215.45,195.7,230.0,-2.7094152178821407,-8.89199255121044,0,3.417266187050357,43264438151.3,-1.25,0.0,1.25,0.22882653061224492,1.5683673469387756,0.1459011060507482,12.73243435060327,False,True
115591,RECLTD,EQ,94.15,94.15,91.4,91.8,91.7,94.0,9460434,876585832.7,03-OCT-2022,41597,INE020B01018,2022-10-03,-26.96897374701671,138.55,0,2022-10,94.15,102.55,91.05,103.1,11.710239651416122,-0.3829321663019787,0,9.506107275623991,13807999211.55,2022,122.8,116.5,91.05,138.55,-7.319013524264123,-24.188176519567026,0,9.96031746031747,99400229713.15,-2.200000000000003,0.0,2.2,0.1691326530612245,1.1221938775510203,0.15071607183450786,13.097589885420774,False,True
115642,SHREECEM,EQ,21102.0,21219.8,20611.2,20719.05,20705.0,21033.1,98780,2068101839.65,03-OCT-2022,19530,INE070A01015,2022-10-03,7.834212909471318,25550.0,0,2022-10,21102.0,22740.5,20150.0,22800.0,9.756480147497113,-2.2376183822387863,0,7.4468185374037486,26347586382.75,2022,19050.0,23289.45,18898.85,25550.0,21.212097554882437,0.0,0,32.57575757575758,173015211351.35,-314.0499999999993,0.0,314.05,75.59566326530613,303.77270408163264,0.24885601059465617,19.926717610636373,False,True
115878,TECHM,EQ,1010.0,1018.25,999.15,1005.5,1004.55,1008.6,2431236,2454549927.05,03-OCT-2022,82698,INE669C01036,2022-10-03,-0.5144949045216232,1165.0,0,2022-10,1010.0,1063.4,998.2,1098.0,5.75832918945799,-0.0950808186958847,0,7.832064817088141,36130859853.25,2022,997.0,1016.4,965.05,1165.0,0.5639655684179213,-2.4512281411098757,0,14.891518737672586,361180390294.8,-3.1000000000000227,0.0,3.1,2.364540816326531,11.971173469387752,0.19751955164404297,16.49405651647804,False,True
115946,ULTRACEMCO,EQ,6286.4,6355.3,6229.2,6242.55,6238.0,6255.1,337932,2123963311.4,03-OCT-2022,35365,INE481G01011,2022-10-03,9.67812780013002,7029.0,0,2022-10,6286.4,6714.95,6057.8,6730.9,7.567420365075164,-2.7515571823026974,0,5.910027850770215,41995218223.35,2022,5600.0,6959.05,5485.0,7299.0,22.266633870372655,0.0,0,28.058248168779333,324896583592.2,-12.550000000000182,0.0,12.55,12.373214285714287,54.02729591836734,0.22901783395581415,18.634215682507985,False,True
116335,CANFINHOME,EQ,488.0,499.25,487.55,495.3,496.0,480.9,2069082,1024172553.95,04-OCT-2022,29104,INE477A01020,2022-10-04,12.644985217193547,678.05,0,2022-10,481.7,524.35,475.0,530.95,9.035142441255989,0.0,0,5.988621618924056,12884140812.25,2022,427.85,535.05,424.7,678.05,21.68523993632021,0.0,0,52.920613441587726,85048392398.1,14.400000000000034,14.4,0.0,3.131122448979592,13.42780612244898,0.23318198225582767,18.908967663416064,False,True
118090,BEL,EQ,102.95,105.0,102.4,104.65,105.0,102.05,20520361,2128842820.35,06-OCT-2022,115266,INE263A01024,2022-10-06,-54.460400348128815,341.6,0,2022-10,101.45,106.85,98.1,109.2,8.532249873031986,0.0,0,6.019417475728158,30220765100.8,2022,233.0,99.9,94.65,341.6,-56.527415143603136,-58.34983498349835,0,45.05307855626328,264940634080.4,2.6000000000000085,2.6,0.0,0.6566326530612246,15.981377551020406,0.041087362523345106,3.9465816224835635,False,True
118156,BOSCHLTD,EQ,15990.0,16205.0,15901.0,15945.6,15999.95,15905.05,30447,487635774.9,06-OCT-2022,7008,INE323A01026,2022-10-06,1.6530348138184345,18224.7,0,2022-10,15895.1,16488.6,15393.6,16555.0,5.568253846301589,-0.6870923413397333,0,3.743995788827237,5163903094.0,2022,15273.0,17264.2,15201.55,18224.7,10.05909615396876,0.0,0,15.850666192026036,74637526058.45,40.55000000000109,40.55,0.0,33.25739795918367,137.43520408163263,0.24198601938575878,19.483795760071146,False,True
120931,PIDILITIND,EQ,2662.9,2700.5,2641.0,2662.6,2663.95,2661.95,315243,840346389.7,07-OCT-2022,35083,INE318A01026,2022-10-07,23.36275395556791,2918.95,0,2022-10,2690.0,2584.4,2545.5,2737.5,-2.704941176470585,-3.464360885147047,0,1.6901931649331352,16600451390.5,2022,2099.95,2550.15,2082.8,2918.95,18.152755577177018,0.0,0,34.86497100746182,122379126132.0,0.650000000000091,0.65,0.0,4.616326530612246,20.481632653061222,0.22538860103626948,18.393234672304445,False,True
121767,CANFINHOME,EQ,492.0,502.5,490.0,497.2,497.0,500.7,892073,442072347.9,10-OCT-2022,15360,INE477A01020,2022-10-10,13.077098021378214,678.05,0,2022-10,481.7,524.35,475.0,530.95,9.035142441255989,0.0,0,5.988621618924056,12884140812.25,2022,427.85,535.05,424.7,678.05,21.68523993632021,0.0,0,52.920613441587726,85048392398.1,-3.5,0.0,3.5,2.609948979591837,11.767602040816326,0.2217910641895554,18.152945351312994,False,True
123966,HINDPETRO,EQ,215.0,215.9,210.0,210.2,210.3,214.9,3696950,786843041.15,11-OCT-2022,42388,INE094A01015,2022-10-11,-7.988618953819217,266.6,0,2022-10,217.4,213.85,200.05,223.1,-1.0182828049062795,-6.975122064636132,0,0.6087936865839885,10700000205.75,2022,218.0,235.15,200.05,266.6,2.9328080542788433,-7.469935245143376,0,16.41921397379914,115502371447.55,-4.700000000000017,0.0,4.7,0.5073979591836736,2.083418367346938,0.24354107995592028,19.584482079558896,False,True
124552,PIDILITIND,EQ,2667.0,2672.75,2606.0,2612.0,2610.0,2645.45,230529,608471967.55,11-OCT-2022,27863,INE318A01026,2022-10-11,21.018370514513407,2918.95,0,2022-10,2690.0,2584.4,2545.5,2737.5,-2.704941176470585,-3.464360885147047,0,1.6901931649331352,16600451390.5,2022,2099.95,2550.15,2082.8,2918.95,18.152755577177018,0.0,0,34.86497100746182,122379126132.0,-33.44999999999982,0.0,33.45,4.098979591836734,17.190051020408163,0.2384506937745789,19.25395132589601,False,True
128765,ADANIENT,EQ,3272.0,3305.0,3194.85,3209.5,3201.0,3233.65,1344415,4359688647.25,14-OCT-2022,50469,INE423A01024,2022-10-14,43.781919182868926,3885.0,0,2022-10,3440.0,3347.45,3110.2,3460.05,6.022550913755412,0.0,0,0.0,129977692366.75,2022,2189.9,3858.35,2138.25,4190.0,72.84965504883077,0.0,0,86.88670829616414,995712186333.75,-24.15000000000009,0.0,24.15,10.970408163265306,44.7079081632653,0.24537958974066362,19.703196660847894,False,True
128767,ADANIPORTS,EQ,804.0,806.6,778.25,780.1,780.0,784.75,4562526,3602551103.95,14-OCT-2022,64258,INE742F01042,2022-10-14,15.075969907065948,987.85,0,2022-10,821.0,823.55,771.65,835.0,4.991075981642017,-0.19401151134967343,0,0.0719079578140008,89092976186.6,2022,670.0,818.1,656.0,987.85,20.681516447853674,0.0,0,45.27205882352941,668110119283.0,-4.649999999999977,0.0,4.65,3.3494897959183674,14.419897959183675,0.2322824894738704,18.84977604226485,False,True
131198,HINDPETRO,EQ,205.5,205.65,200.85,202.25,202.3,204.95,4093876,829696646.25,17-OCT-2022,52673,INE094A01015,2022-10-17,-11.468592689866487,266.6,0,2022-10,217.4,213.85,200.05,223.1,-1.0182828049062795,-6.975122064636132,0,0.6087936865839885,10700000205.75,2022,218.0,235.15,200.05,266.6,2.9328080542788433,-7.469935245143376,0,16.41921397379914,115502371447.55,-2.6999999999999886,0.0,2.7,0.5239795918367347,2.169387755102041,0.24153339604891816,19.454442129191136,False,True
131775,PFC,EQ,102.05,102.05,100.85,101.8,101.9,102.05,4140869,421051247.95,17-OCT-2022,17908,INE134E01011,2022-10-17,-3.871576959395664,122.45,0,2022-10,104.85,115.25,100.85,115.5,10.977371208473766,-2.1823472356935016,0,9.219858156028367,10446525445.25,2022,104.3,141.15,100.85,147.8,33.286118980169974,-2.2771317829457445,0,39.302544769085785,85751498172.0,-0.25,0.0,0.25,0.1260204081632653,0.684438775510204,0.18412225121133058,15.549260308467098,False,True
136106,ASIANPAINT,EQ,3198.0,3241.85,3101.8,3140.9,3145.0,3212.75,2284352,7224430976.5,20-OCT-2022,151406,INE021A01026,2022-10-20,13.26109298090619,3582.9,0,2022-10,3348.0,3107.7,3033.0,3368.35,-5.909957915770997,-7.6923076923076925,0,0.4727815063385506,64047272735.4,2022,2704.9,3087.9,2685.0,3582.9,11.349908948307881,0.0,0,28.881294964028783,427555549547.5,-71.84999999999991,0.0,71.85,7.342346938775511,36.212755102040816,0.2027558223086352,16.857604723081252,False,True
138112,CROMPTON,EQ,382.45,382.85,372.0,373.55,373.4,381.0,1723020,650300415.25,21-OCT-2022,31853,INE299U01018,2022-10-21,6.77433185650993,429.0,0,2022-10,412.65,362.3,350.6,413.0,-9.76338729763387,-11.397523376295164,0,0.0,9568206563.95,2022,339.95,336.45,333.1,429.0,-3.8302129484064693,-1.1865915158706615,0,22.18741099401879,95207550322.8,-7.449999999999989,0.0,7.45,0.8688775510204083,3.5997448979591837,0.24137197930692372,19.443968716104365,False,True
140656,MOTHERSON,EQ,62.9,63.2,62.2,62.8,62.9,62.1,2362128,148475484.25,24-OCT-2022,21237,INE775A01035,2022-10-24,-46.644010195412065,137.5,0,2022-10,74.9,64.5,61.9,78.35,-11.583276216586706,-14.73829201101928,0,4.606141522029357,19776680131.55,2022,117.1,74.15,61.9,137.5,-37.000849617672046,-46.47643752702118,0,16.52542372881356,125088843503.5,0.6999999999999957,0.7,0.0,0.36836734693877554,3.429081632653061,0.10742449040321382,9.700389627838234,False,True
143291,ASTRAL,EQ,1968.0,1991.0,1939.0,1951.55,1960.0,1959.2,313873,616313512.5,28-OCT-2022,29729,INE006I01046,2022-10-28,17.729918861038207,2654.8,0,2022-10,2222.0,2031.15,1939.0,2303.7,-7.698075481129721,-11.219981227536007,0,2.0759022531404354,16213737802.1,2022,1651.0,1963.9,1639.9,2654.8,18.47494947666878,0.0,0,59.45223580287697,118005757642.85,-7.650000000000091,0.0,7.65,5.408928571428572,24.78214285714285,0.21825911514627477,17.91565623706157,False,True
144915,VOLTAS,EQ,876.0,881.7,869.05,871.25,871.0,874.25,595829,521749833.8,28-OCT-2022,17899,INE226A01021,2022-10-28,-8.907940822834444,1064.95,0,2022-10,909.0,876.2,857.35,936.0,-1.8977775289704901,-3.3427282976324664,0,2.857142857142857,15189675497.2,2022,949.8,799.85,770.0,1064.95,-16.373046160280204,-17.91919837970366,0,9.828288557727022,135069575179.6,-3.0,0.0,3.0,0.975,4.552040816326531,0.21418964357767317,17.64054278593187,False,True
145101,ATUL,EQ,8356.8,8452.9,8320.0,8373.3,8452.9,8315.2,14001,117024309.45,31-OCT-2022,2676,INE100A01010,2022-10-31,4.355141235192568,9812.9,0,2022-10,9020.0,8373.3,8102.05,9154.95,-6.124714112740494,-8.451412429378529,0,0.0748789366097918,5235139162.65,2022,7988.55,8258.0,7800.1,9812.9,2.9181751902141695,-1.15194525408693,0,21.597273853779424,37141125462.85,58.099999999998545,58.1,0.0,12.938265306122448,54.32142857142857,0.2381797689489997,19.236283367089186,False,True
146121,NMDC,EQ,101.8,101.8,98.6,99.75,99.45,100.95,12694109,1263384435.7,31-OCT-2022,56183,INE584A01023,2022-10-31,-9.028727770177843,137.45,0,2022-10,127.7,99.75,92.25,137.45,-20.675944333996025,-26.22950819672131,0,7.3408824677860025,23045884037.65,2022,107.15,123.05,92.25,137.45,12.220702234382117,-13.258110014104368,0,24.954545454545443,164185256351.25,-1.2000000000000028,0.0,1.2,0.6400510204081632,2.844897959183674,0.2249820659971305,18.36615181904692,False,True
149635,MOTHERSON,EQ,65.3,65.6,64.4,64.65,64.6,65.15,5024386,325346727.4,02-NOV-2022,27537,INE775A01035,2022-11-02,-45.07221750212404,137.5,0,2022-11,64.85,74.75,64.1,75.1,14.735226400613957,-0.6201550387596988,0,12.593703148425774,18374578612.5,2022,117.1,74.15,61.9,137.5,-37.000849617672046,-46.47643752702118,0,16.52542372881356,125088843503.5,-0.5,0.0,0.5,0.22882653061224487,0.9642857142857143,0.23730158730158726,19.178960872354082,False,True
154121,BANDHANBNK,EQ,230.5,231.15,224.15,225.6,225.95,228.0,11675124,2649630360.8,07-NOV-2022,106994,INE545U01014,2022-11-07,-14.819709269397782,314.8,0,2022-11,240.85,238.4,209.55,241.0,1.0383555838101366,-10.98130841121495,0,0.0,57351397559.85,2022,262.5,234.2,209.55,314.8,-11.57258825750426,-19.108280254777068,0,18.34586466165414,280864614475.8,-2.4000000000000057,0.0,2.4,0.8025510204081632,3.378316326530612,0.23755946537793549,19.195802062358894,False,True
161319,BANDHANBNK,EQ,226.3,229.1,224.85,225.85,225.85,226.35,6016703,1365616191.25,14-NOV-2022,49053,INE545U01014,2022-11-14,-14.725316216726458,314.8,0,2022-11,240.85,238.4,209.55,241.0,1.0383555838101366,-10.98130841121495,0,0.0,57351397559.85,2022,262.5,234.2,209.55,314.8,-11.57258825750426,-19.108280254777068,0,18.34586466165414,280864614475.8,-0.5,0.0,0.5,0.8688775510204081,3.7035714285714283,0.2346053175368508,19.002454809194376,False,True
167739,PAGEIND,EQ,46290.0,46300.0,45550.0,45906.15,45970.0,46207.1,22171,1016424402.95,17-NOV-2022,10412,INE761H01022,2022-11-17,10.949274696803442,54349.1,0,2022-11,50011.8,47416.65,45351.0,50799.9,-5.712998884463411,-7.991479001825928,0,0.0,21243345385.600002,2022,40199.0,42836.7,40124.95,54349.1,3.530807863533742,0.0,0,30.647189055742913,113736075638.75,-300.9499999999971,0.0,300.95,100.54107142857141,587.3247448979591,0.1711848041513035,14.61637852066842,False,True
168650,COROMANDEL,EQ,920.5,921.15,890.0,903.55,900.45,916.7,563156,508283137.2,18-NOV-2022,27670,INE169A01031,2022-11-18,-6.39697503366829,1094.0,0,2022-11,962.5,929.75,886.3,1009.0,-3.5529045643153525,-7.1937172774869165,0,4.12259429338012,13050542323.6,2022,953.0,887.15,848.05,1094.0,-8.095928726820675,-9.08067542213884,0,12.841670964414648,66872396059.35,-13.150000000000091,0.0,13.15,1.814030612244898,7.416071428571429,0.24460802861958653,19.65341882704108,False,True
168873,GNFC,EQ,571.9,572.75,555.0,557.45,556.6,568.65,1682006,947734080.85,18-NOV-2022,36359,INE113A01013,2022-11-18,-4.061612597883127,798.5,0,2022-11,709.15,601.25,549.15,726.0,-14.90340386384544,-21.756785637956835,0,1.4462376860197057,26223351236.2,2022,566.0,557.0,516.2,798.5,-4.139058600808873,-8.353306702174871,0,37.19931271477663,134029180923.55,-11.199999999999932,0.0,11.2,1.5188775510204082,12.287755102040816,0.12360903504401263,11.001071652932268,False,True
169910,TATACHEM,EQ,1038.8,1042.0,997.0,1015.75,1017.0,1036.2,1510831,1535189893.4,18-NOV-2022,50839,INE092A01019,2022-11-18,27.71107059785,1214.9,0,2022-11,1138.5,1035.5,997.0,1158.0,-9.34162143232359,-12.046226456706803,0,0.6431427081522764,22603318492.35,2022,791.0,937.15,773.35,1214.9,17.828628905513288,0.0,0,50.93800472108339,235333283282.6,-20.450000000000045,0.0,20.45,0.6798469387755102,12.218877551020409,0.055639066349325646,5.270652453374993,False,True
170305,BANDHANBNK,EQ,216.8,217.5,210.5,210.9,210.7,216.2,9366068,1992690956.2,21-NOV-2022,82992,INE545U01014,2022-11-21,-20.37002076647159,314.8,0,2022-11,240.85,238.4,209.55,241.0,1.0383555838101366,-10.98130841121495,0,0.0,57351397559.85,2022,262.5,234.2,209.55,314.8,-11.57258825750426,-19.108280254777068,0,18.34586466165414,280864614475.8,-5.299999999999983,0.0,5.3,0.7528061224489796,4.391326530612244,0.171430231207157,14.634267294817747,False,True
172110,BATAINDIA,EQ,1675.35,1686.7,1675.35,1680.25,1684.0,1675.35,167324,281025631.25,22-NOV-2022,8615,INE176A01028,2022-11-22,-1.2547014574518047,2004.9,0,2022-11,1831.0,1717.85,1666.5,1866.7,-6.524282410556392,-8.383727322704782,0,1.233764473006318,12322406139.8,2022,1665.0,1649.15,1607.1,2004.9,-3.082393041842961,-2.6000000000000054,0,17.455109991505317,77029773387.0,4.900000000000091,4.9,0.0,2.7311224489795913,12.529081632653062,0.2179826526041454,17.897024406553,False,True
172941,MARUTI,EQ,8875.0,8934.95,8859.05,8873.75,8887.15,8865.2,455948,4052493296.6,22-NOV-2022,65505,INE585B01010,2022-11-22,5.607193011686854,9769.0,0,2022-11,9635.0,8974.15,8786.0,9636.9,-5.08165337507669,-6.282666666666667,0,0.0,103066812605.1,2022,8440.0,8394.6,8076.05,9769.0,-0.09520862590150668,-2.7637979194760183,0,15.609467455621301,651972445983.45,8.549999999999272,8.55,0.0,14.227551020408162,57.5515306122449,0.24721412044219462,19.821305451107776,False,True
173174,POLYCAB,EQ,2537.5,2546.95,2508.3,2519.65,2523.45,2524.85,210038,530196842.15,22-NOV-2022,16662,INE455K01017,2022-11-22,15.744866553355688,2862.5,0,2022-11,2782.3,2565.0,2500.0,2846.4,-7.525912573231184,-9.349674565331686,0,1.9283450609657808,21331135952.55,2022,2202.5,2569.1,2104.0,3025.0,18.016445404014874,-2.4231884057971014,0,36.45795741609526,123995042120.2,-5.199999999999818,0.0,5.2,5.319387755102041,22.44489795918367,0.23699763593380618,19.159101767797424,False,True
173734,ABFRL,EQ,310.0,311.55,305.05,305.95,305.15,309.35,1759595,541350518.45,23-NOV-2022,13366,INE647O01011,2022-11-23,26.1389404246547,359.5,0,2022-11,357.65,314.3,300.0,359.5,-12.243473404997896,-15.01416430594901,0,0.0,16892251532.75,2022,235.6,287.5,235.5,359.5,18.53226138940424,-0.04244482173174632,0,47.63860369609856,86680855875.75,-3.400000000000034,0.0,3.4,1.1010204081632653,4.580612244897959,0.24036533749164624,19.378591954022994,False,True
174561,JUBLFOOD,EQ,544.8,549.5,538.2,540.55,538.85,544.8,1965730,1068392358.2,23-NOV-2022,40468,INE797F01020,2022-11-23,-0.16622033428757796,652.35,0,2022-11,614.45,546.85,535.25,627.8,-11.79838709677419,-12.325962325962326,0,0.778553655991638,34320037285.55,2022,512.25,511.05,502.1,652.35,-5.614553513713184,-1.2586037364798381,0,19.697247706422022,230514477514.4,-4.25,0.0,4.25,1.5420918367346939,6.833418367346939,0.22566916787994176,18.411915204678365,False,True
174855,NESTLEIND,EQ,19700.0,19813.0,19510.0,19565.1,19532.0,19613.5,51722,1015759421.35,23-NOV-2022,16014,INE239A01016,2022-11-23,9.946867246790536,21050.0,0,2022-11,20399.55,20183.85,19440.0,20842.35,-1.9723214480851199,-4.565537555228277,0,0.5184508207197063,24790130298.4,2022,17400.0,19606.0,17331.05,21050.0,10.17670644364585,0.0,0,18.063423334492455,141289043979.4,-48.400000000001455,0.0,48.4,18.733928571428574,86.95561224489798,0.2154424319233951,17.725432835388602,False,True
174888,NTPC,EQ,167.85,168.25,166.25,168.05,167.8,167.05,12004998,2011797797.0,23-NOV-2022,70553,INE733E01010,2022-11-23,19.480981158905088,182.95,0,2022-11,174.0,172.2,164.15,182.95,-5.280528052805292,-5.389048991354463,0,0.0,50843949669.35,2022,142.0,166.45,136.1,182.95,18.343405616779226,-2.6118067978533133,0,27.75837988826816,267099864249.05,1.0,1.0,0.0,0.2903061224489796,1.1971938775510205,0.2424888131259322,19.516377979763334,False,True
175714,BATAINDIA,EQ,1705.3,1705.9,1684.0,1689.45,1689.0,1696.8,245390,415216110.55,24-NOV-2022,9905,INE176A01028,2022-11-24,-0.7140338504936451,2004.9,0,2022-11,1831.0,1717.85,1666.5,1866.7,-6.524282410556392,-8.383727322704782,0,1.233764473006318,12322406139.8,2022,1665.0,1649.15,1607.1,2004.9,-3.082393041842961,-2.6000000000000054,0,17.455109991505317,77029773387.0,-7.349999999999909,0.0,7.35,1.6614795918367347,13.054081632653062,0.12727663566012662,11.290630146485228,False,True
175822,CIPLA,EQ,1113.55,1117.65,1092.4,1095.35,1097.1,1108.0,2933085,3225833539.4,24-NOV-2022,48811,INE059A01026,2022-11-24,15.385020541451592,1185.25,0,2022-11,1167.5,1139.65,1078.5,1185.25,-2.8762570308505193,-7.313509797181155,0,0.0,40667704190.15,2022,911.2,1075.95,911.2,1185.25,13.341409459601822,0.0,0,23.973641545944254,205992526306.8,-12.650000000000091,0.0,12.65,1.3497448979591837,5.652551020408163,0.23878508890694108,19.275747750373426,False,True
175951,EICHERMOT,EQ,3397.85,3402.9,3346.3,3377.35,3384.3,3380.9,407602,1375360033.25,24-NOV-2022,35071,INE066A01021,2022-11-24,21.365171769440842,3889.65,0,2022-11,3889.65,3484.5,3346.3,3889.65,-8.264005897219883,-10.811711243486712,0,0.0,56820801874.85,2022,2775.0,3227.75,2745.75,3889.65,15.989291361218907,-0.16906631762653035,0,38.43156096519324,330983710002.85,-3.550000000000182,0.0,3.55,6.241326530612244,29.596428571428568,0.21088107017876534,17.415506392187012,False,True
176301,IPCALAB,EQ,857.85,862.45,843.25,853.2,852.0,857.6,300720,255848802.85,24-NOV-2022,20296,INE571A01038,2022-11-24,-6.539599079855399,1034.3,0,2022-11,901.0,868.0,835.3,951.3,-6.12664251338344,-7.2918978912319705,0,1.661768634784927,6078625265.75,2022,890.25,843.1,835.3,1034.3,-7.645963413298275,-6.172423476551535,0,13.130981678971828,34438445078.5,-4.399999999999977,0.0,4.4,0.6466836734693878,5.5739795918367365,0.11601830663615557,10.395735083042851,False,True
176783,POLYCAB,EQ,2524.8,2546.3,2510.0,2520.25,2523.0,2526.3,321974,812345400.55,24-NOV-2022,19882,INE455K01017,2022-11-24,15.772428682989567,2862.5,0,2022-11,2782.3,2565.0,2500.0,2846.4,-7.525912573231184,-9.349674565331686,0,1.9283450609657808,21331135952.55,2022,2202.5,2569.1,2104.0,3025.0,18.016445404014874,-2.4231884057971014,0,36.45795741609526,123995042120.2,-6.050000000000182,0.0,6.05,3.346173469387755,22.605102040816323,0.1480273552114838,12.894061673662378,False,True
177275,VOLTAS,EQ,814.9,819.75,812.1,818.75,819.5,813.1,1795690,1464463807.0,24-NOV-2022,16966,INE226A01021,2022-11-24,-14.396988865073975,1064.95,0,2022-11,880.6,819.5,803.6,928.0,-9.841025358930638,-8.379888268156424,0,1.9276182107748865,27664842117.1,2022,949.8,799.85,770.0,1064.95,-16.373046160280204,-17.91919837970366,0,9.828288557727022,135069575179.6,5.649999999999977,5.65,0.0,1.7466836734693882,7.720408163265306,0.22624240021147243,18.45005523968635,False,True
177387,ALKEM,EQ,3097.8,3102.6,3061.0,3068.35,3062.0,3100.0,38975,119996179.85,25-NOV-2022,4386,INE540L01014,2022-11-25,1.5909015660695864,3400.0,0,2022-11,3170.9,3124.2,3025.0,3325.0,-3.1751197061968375,-3.7191463628117165,0,2.6234567901234565,5686069049.6,2022,2995.0,3004.7,2855.0,3400.0,-0.5165049829487257,-3.902792036217366,0,12.026359143327841,42388928310.05,-31.65000000000009,0.0,31.65,4.49030612244898,19.777551020408165,0.22704055309049634,18.503101019657322,False,True
177467,AUROPHARMA,EQ,458.6,465.35,455.3,464.05,463.95,456.3,1331398,614060759.1,25-NOV-2022,24408,INE406A01037,2022-11-25,-11.178103167767256,604.0,0,2022-11,540.0,467.35,455.1,569.45,-14.988631195998176,-14.96636771300449,0,3.2079746261894053,27594643452.5,2022,512.25,438.3,434.4,604.0,-16.10680447889751,-14.23494570582429,0,15.267175572519085,95681499616.05,7.75,7.75,0.0,1.8801020408163267,8.09515306122449,0.23225033876406265,18.84765874741069,False,True
177719,DIVISLAB,EQ,3294.0,3347.0,3276.0,3342.65,3344.0,3305.4,385136,1279408656.85,25-NOV-2022,30050,INE361B01024,2022-11-25,-8.107105056975165,3973.9,0,2022-11,3626.0,3404.7,3195.15,3903.95,-11.253893573485906,-11.6153303550435,0,1.3973481552666709,63287557850.45,2022,3590.35,3413.2,3195.15,3973.9,-6.167612816318686,-10.776169000712084,0,8.88590530469093,228873524385.75,37.25,37.25,0.0,9.326530612244897,38.240561224489795,0.24389104954537263,19.60710704000256,False,True
178920,TATACHEM,EQ,1027.05,1040.3,1024.6,1032.1,1034.0,1023.8,636738,657484741.8,25-NOV-2022,21372,INE092A01019,2022-11-25,29.766769346828426,1214.9,0,2022-11,1138.5,1035.5,997.0,1158.0,-9.34162143232359,-12.046226456706803,0,0.6431427081522764,22603318492.35,2022,791.0,937.15,773.35,1214.9,17.828628905513288,0.0,0,50.93800472108339,235333283282.6,8.299999999999955,8.3,0.0,2.1482142857142854,8.69872448979592,0.24695738877972953,19.804797742238947,False,True
179845,ICICIPRULI,EQ,454.3,459.9,452.75,455.15,455.65,452.1,5207226,2377933736.65,28-NOV-2022,91249,INE726G01019,2022-11-28,-9.015492253873068,608.75,0,2022-11,509.5,476.2,450.6,524.75,-8.467083133109083,-11.47347740667976,0,0.38259206121472983,25085811491.75,2022,489.0,451.3,437.7,608.75,-9.785107446276859,-9.603469640644361,0,21.15633396357847,89021744345.1,3.0499999999999545,3.05,0.0,0.6091836734693877,4.536734693877551,0.13427800269905532,11.838191552647231,False,True
180155,MARICO,EQ,484.1,489.7,481.5,486.45,485.25,486.25,2225302,1079807413.85,28-NOV-2022,47494,INE196A01026,2022-11-28,-0.9670195439739414,554.35,0,2022-11,527.2,507.35,481.5,542.0,-4.525780955965366,-7.758620689655173,0,1.6885553470919326,18736121918.8,2022,478.0,509.85,477.6,554.35,3.7968241042345348,0.0,0,12.444219066937125,91259940948.05,0.19999999999998863,0.2,0.0,0.6908163265306121,4.1885204081632645,0.16493087276935256,14.157996549380456,False,True
181083,AUROPHARMA,EQ,467.5,472.8,466.0,466.6,466.75,467.35,1069123,501281109.3,29-NOV-2022,22700,INE406A01037,2022-11-29,-10.690018183558239,604.0,0,2022-11,540.0,467.35,455.1,569.45,-14.988631195998176,-14.96636771300449,0,3.2079746261894053,27594643452.5,2022,512.25,438.3,434.4,604.0,-16.10680447889751,-14.23494570582429,0,15.267175572519085,95681499616.05,-0.75,0.0,0.75,1.814030612244898,7.8336734693877546,0.23156832095870783,18.802718210423336,False,True
181109,BAJAJFINSV,EQ,1649.0,1652.85,1630.05,1632.0,1633.0,1652.85,1346735,2205719359.9,29-NOV-2022,54212,INE918I01026,2022-11-29,-85.58628577484754,17845.0,0,2022-11,1692.0,1626.5,1620.0,1817.9,-4.830168807232085,-4.198698994677706,0,6.018545518166445,74624719687.55,2022,10920.0,1547.85,1483.15,17845.0,-86.32949291458196,-86.17393168767246,0,57.32169620029974,589036791186.45,-20.84999999999991,0.0,20.85,3.021173469387755,12.814540816326529,0.23576135209921767,19.07822668986404,False,True
181372,EICHERMOT,EQ,3450.4,3464.75,3405.0,3416.1,3410.0,3441.4,456872,1571450185.3,29-NOV-2022,35613,INE066A01021,2022-11-29,22.7576541612764,3889.65,0,2022-11,3889.65,3484.5,3346.3,3889.65,-8.264005897219883,-10.811711243486712,0,0.0,56820801874.85,2022,2775.0,3227.75,2745.75,3889.65,15.989291361218907,-0.16906631762653035,0,38.43156096519324,330983710002.85,-25.300000000000182,0.0,25.3,4.636224489795919,27.253316326530612,0.1701159754008593,14.538385850392373,False,True
181992,METROPOLIS,EQ,1460.0,1483.2,1459.0,1476.1,1476.35,1463.6,153580,226524110.0,29-NOV-2022,9872,INE112L01020,2022-11-29,2.767431336373447,1791.2,0,2022-11,1698.0,1468.2,1404.1,1791.2,-16.82764480951706,-17.03007740944277,0,0.8501773548786744,10012511961.45,2022,1400.0,1327.5,1267.05,1791.2,-7.578236502245268,-9.305321928349022,0,24.393208097503386,54724390912.6,12.5,12.5,0.0,3.6221938775510205,20.03061224489796,0.18083290881304126,15.314013309030514,False,True
182204,POLYCAB,EQ,2539.9,2565.8,2525.0,2528.2,2527.0,2548.95,195124,494604693.95,29-NOV-2022,15810,INE455K01017,2022-11-29,16.13762690063851,2862.5,0,2022-11,2782.3,2565.0,2500.0,2846.4,-7.525912573231184,-9.349674565331686,0,1.9283450609657808,21331135952.55,2022,2202.5,2569.1,2104.0,3025.0,18.016445404014874,-2.4231884057971014,0,36.45795741609526,123995042120.2,-20.75,0.0,20.75,3.9795918367346945,18.75688775510204,0.21216695907625777,17.503113534619146,False,True
182857,ASTRAL,EQ,1891.5,1892.0,1873.5,1884.65,1884.1,1882.05,288203,542860771.75,30-NOV-2022,27111,INE006I01046,2022-11-30,13.694084999849181,2654.8,0,2022-11,2042.0,1884.65,1866.5,2121.5,-8.824169710456935,-7.63558986539984,0,2.1474312677548224,15287032601.65,2022,1651.0,1963.9,1639.9,2654.8,18.47494947666878,0.0,0,59.45223580287697,118005757642.85,2.6000000000001364,2.6,0.0,2.699489795918367,16.472193877551017,0.16388161868330986,14.080608891195297,False,True
183544,ITC,EQ,341.25,344.15,339.0,340.0,340.3,342.3,22556502,7681480498.6,30-NOV-2022,139387,INE154A01025,2022-11-30,19.570951292421302,361.45,0,2022-11,349.25,340.0,334.4,361.45,-2.7181688125894135,-3.6866359447004644,0,3.1241084165477857,89132620146.35,2022,273.5,331.55,271.2,361.45,16.59926147353613,0.0,0,26.824561403508767,506994564674.8,-2.3000000000000114,0.0,2.3,0.4377551020408163,1.8224489795918368,0.2402015677491601,19.367945823927755,False,True
186680,COALINDIA,EQ,226.1,228.0,225.3,226.6,226.7,226.1,6325649,1433034402.15,02-DEC-2022,52161,INE522F01014,2022-12-02,23.65620736698499,263.4,0,2022-12,228.4,225.05,214.2,234.45,-0.4643962848297138,-4.757670075589158,0,1.7578124999999927,29031102933.850002,2022,185.0,225.05,176.6,263.4,22.810368349249664,0.0,0,41.49879129734084,258741600693.1,0.5,0.5,0.0,0.5132653061224488,2.278316326530612,0.22528272309931693,18.38618294800328,False,True
187163,ITC,EQ,339.35,340.8,336.75,337.15,337.5,339.55,8388835,2834182901.6,02-DEC-2022,104028,INE154A01025,2022-12-02,18.568665377175996,361.45,0,2022-12,341.7,331.55,325.35,347.35,-2.356059490502135,-3.3996437054631796,0,1.6534972197834459,64495930222.4,2022,273.5,331.55,271.2,361.45,16.59926147353613,0.0,0,26.824561403508767,506994564674.8,-2.400000000000034,0.0,2.4,0.4145408163265306,1.7002551020408165,0.2438109527381845,19.601930036188165,False,True
196231,GRANULES,EQ,335.7,337.0,328.15,329.7,329.7,334.35,662436,219918223.45,09-DEC-2022,9503,INE101D01020,2022-12-09,18.29924650161464,381.0,0,2022-12,346.45,318.8,317.05,348.0,-6.455399061032864,-6.474926253687312,0,0.0,7323305426.65,2022,272.1,318.8,268.9,381.0,14.388231072838186,0.0,0,36.193029490616624,66349290229.6,-4.650000000000034,0.0,4.65,0.31505102040816324,2.384948979591837,0.1320996898063964,11.668556311413454,False,True
200002,GRANULES,EQ,338.5,341.2,333.2,334.45,334.75,337.45,693564,232820607.0,13-DEC-2022,13227,INE101D01020,2022-12-13,20.003588087549335,381.0,0,2022-12,346.45,318.8,317.05,348.0,-6.455399061032864,-6.474926253687312,0,0.0,7323305426.65,2022,272.1,318.8,268.9,381.0,14.388231072838186,0.0,0,36.193029490616624,66349290229.6,-3.0,0.0,3.0,0.6168367346938776,2.499234693877551,0.2468102480351128,19.79533360622186,False,True
200381,LAURUSLABS,EQ,404.5,405.85,387.0,391.05,391.2,404.25,7155422,2802156807.05,13-DEC-2022,92309,INE947Q01028,2022-12-13,-15.921307245753603,605.5,0,2022-12,419.95,375.25,368.65,426.7,-10.345239517381438,-10.738498789346252,0,1.113744075829381,19433443458.75,2022,464.0,375.25,368.65,605.5,-19.318426144915076,-19.77149075081611,0,29.629629629629623,97755796951.6,-13.199999999999989,0.0,13.2,1.396173469387755,5.874234693877551,0.23767750901116078,19.20350877192982,False,True
206032,LAURUSLABS,EQ,391.6,395.35,386.6,388.3,388.25,394.45,1646656,643721337.15,16-DEC-2022,33112,INE947Q01028,2022-12-16,-16.51257794022791,605.5,0,2022-12,419.95,375.25,368.65,426.7,-10.345239517381438,-10.738498789346252,0,1.113744075829381,19433443458.75,2022,464.0,375.25,368.65,605.5,-19.318426144915076,-19.77149075081611,0,29.629629629629623,97755796951.6,-6.149999999999977,0.0,6.15,1.396173469387755,5.8647959183673475,0.23806002609830357,19.22847205143519,False,True
206122,MARUTI,EQ,8559.5,8588.0,8446.0,8485.8,8478.0,8584.15,624222,5310447935.55,16-DEC-2022,72107,INE585B01010,2022-12-16,0.9901697093756564,9769.0,0,2022-12,9019.05,8394.6,8076.05,9025.0,-6.290919442072294,-9.562709966405373,0,0.0,102568930929.3,2022,8440.0,8394.6,8076.05,9769.0,-0.09520862590150668,-2.7637979194760183,0,15.609467455621301,651972445983.45,-98.35000000000036,0.0,98.35,10.267346938775512,46.16760204081633,0.22239290075534465,18.19324217425698,False,True
206305,PAGEIND,EQ,44000.0,44000.0,42903.05,42967.95,42990.0,44037.5,26021,1124278849.25,16-DEC-2022,13862,INE761H01022,2022-12-16,3.8480222738895535,54349.1,0,2022-12,47454.95,42836.7,42600.0,47889.95,-9.942700728776103,-9.679648980344718,0,0.08349007314523949,19428901207.9,2022,40199.0,42836.7,40124.95,54349.1,3.530807863533742,0.0,0,30.647189055742913,113736075638.75,-1069.550000000003,0.0,1069.55,95.4438775510204,383.81326530612245,0.24867269106735046,19.91496193087943,False,True
208965,AUROPHARMA,EQ,437.7,440.9,434.45,438.45,438.2,437.7,1170207,511648030.6,20-DEC-2022,22422,INE406A01037,2022-12-20,-16.078093597473455,604.0,0,2022-12,469.55,438.3,434.4,472.8,-6.525911708253352,-6.781115879828331,0,0.22257551669316614,12393445730.35,2022,512.25,438.3,434.4,604.0,-16.10680447889751,-14.23494570582429,0,15.267175572519085,95681499616.05,0.75,0.75,0.0,0.4880102040816327,2.351275510204082,0.2075512639687534,17.187780772686423,False,True
209902,METROPOLIS,EQ,1280.0,1296.95,1267.05,1281.05,1281.0,1285.45,273027,349222099.75,20-DEC-2022,13138,INE112L01020,2022-12-20,-10.812127963240155,1791.2,0,2022-12,1470.0,1327.5,1267.05,1492.4,-10.094476990281397,-12.935477221191508,0,0.7017543859649185,13923500519.15,2022,1400.0,1327.5,1267.05,1791.2,-7.578236502245268,-9.305321928349022,0,24.393208097503386,54724390912.6,-4.400000000000091,0.0,4.4,1.7377551020408164,14.697193877551019,0.11823720340895286,10.573535118354684,False,True
211625,KOTAKBANK,EQ,1860.5,1860.95,1809.0,1814.6,1815.95,1847.1,2382869,4368903081.95,21-DEC-2022,76924,INE237A01028,2022-12-21,8.805276570229346,1997.55,0,2022-12,1955.0,1827.25,1794.2,1961.75,-5.534301814609934,-6.932593303420903,0,0.0,121628788145.25,2022,1645.0,1827.25,1636.0,1997.55,9.563783540698546,0.0,0,18.937183685620717,594440684351.45,-32.5,0.0,32.5,2.1688775510204086,11.119642857142859,0.1950492096629884,16.321437484402296,False,True
211756,MARUTI,EQ,8524.35,8566.95,8288.3,8350.4,8339.95,8524.35,800720,6725052413.6,21-DEC-2022,116637,INE585B01010,2022-12-21,-0.6212362840073397,9769.0,0,2022-12,9019.05,8394.6,8076.05,9025.0,-6.290919442072294,-9.562709966405373,0,0.0,102568930929.3,2022,8440.0,8394.6,8076.05,9769.0,-0.09520862590150668,-2.7637979194760183,0,15.609467455621301,651972445983.45,-173.95000000000073,0.0,173.95,13.85561224489796,56.11428571428572,0.2469177334885074,19.80224732209915,False,True
214465,AARTIIND,EQ,605.0,610.0,590.0,590.85,591.95,611.4,588136,352560417.95,23-DEC-2022,25720,INE769A01020,2022-12-23,-15.982936366868108,924.4,0,2022-12,678.2,610.1,587.0,681.45,-9.561221464571599,-12.823940001485115,0,0.0,7172290460.5,2022,697.4,610.1,587.0,924.4,-13.245645218627796,-14.356580099212135,0,31.139168676408,70724914462.1,-20.549999999999955,0.0,20.55,0.37474489795918414,5.9880102040816325,0.06258254164359059,5.889664020527633,False,True
214598,AMBUJACEM,EQ,528.95,531.8,486.0,491.25,489.8,532.85,10542194,5383197132.15,23-DEC-2022,130228,INE079A01024,2022-12-23,33.65528499523874,598.0,0,2022-12,573.5,524.1,486.0,598.0,-9.785695843015754,-14.661984196663742,0,2.2222222222222223,66336312050.35,2022,363.95,524.1,362.1,598.0,42.5928445109509,0.0,0,62.23548562126966,626226289345.0,-41.60000000000002,0.0,41.6,1.7410714285714286,7.703826530612245,0.22600086095566077,18.43398876404494,False,True
214692,BHEL,EQ,78.15,78.85,73.5,73.95,74.5,78.9,33814978,2559911176.5,23-DEC-2022,60397,INE257A01026,2022-12-23,61.993428258488514,91.55,0,2022-12,84.0,79.2,73.1,91.55,-6.43827525103367,-11.980734497290793,0,7.201405152224814,60963465885.25,2022,44.8,79.2,44.4,91.55,73.49397590361447,0.0,0,99.89082969432314,245153141434.7,-4.950000000000003,0.0,4.95,0.338265306122449,1.4645408163265308,0.23097021424838876,18.763265883684724,False,True
214723,BSOFT,EQ,292.0,294.9,278.0,279.95,283.0,296.25,2148394,613000758.7,23-DEC-2022,39180,INE836A01035,2022-12-23,-19.88839605093719,357.55,0,2022-12,311.0,298.75,277.75,334.7,-7.73625694873379,-10.547504025764894,0,2.8896403320012225,20395556290.0,2022,353.7,298.75,260.55,357.55,-14.508513378165686,-24.159510988211323,0,0.12601512181461455,95827207555.65,-16.30000000000001,0.0,16.3,0.9020408163265309,4.407653061224489,0.20465331635605982,16.988565388680698,False,True
214842,DEEPAKNTR,EQ,1983.0,2005.55,1877.4,1888.3,1903.65,2012.4,697734,1342307280.25,23-DEC-2022,59119,INE288B01029,2022-12-23,9.596912272555786,2356.6,0,2022-12,2177.95,1985.3,1877.4,2263.4,-8.325637236793497,-12.546873180388957,0,3.398812243033353,15034211059.05,2022,1741.0,1985.3,1681.15,2356.6,15.226791259177569,0.0,0,34.20655485634556,186031822337.2,-124.10000000000014,0.0,124.1,6.791836734693878,28.861734693877548,0.23532323357315849,19.04952705313319,False,True
214869,DIXON,EQ,3811.0,3855.65,3710.0,3718.05,3729.0,3877.0,168275,633795145.55,23-DEC-2022,23173,INE935N01020,2022-12-23,3.402675417860232,4670.0,0,2022-12,4273.15,3904.6,3671.7,4414.9,-10.962636961702039,-13.708578143360755,0,0.5671981776765294,15085801706.2,2022,3575.0,3904.6,3508.0,4670.0,8.590816808966268,-0.25589991470002843,0,29.47944825674083,127062065322.55,-158.94999999999982,0.0,158.95,10.615561224489797,55.00969387755102,0.19297619158033372,16.176030413875935,False,True
214871,DLF,EQ,376.9,377.0,355.3,357.0,356.65,377.85,4966765,1805187350.4,23-DEC-2022,47314,INE271C01023,2022-12-23,10.475011604518034,418.5,0,2022-12,405.8,375.0,355.3,418.5,-9.134964865519745,-11.69379893127874,0,0.89199614271938,34146098708.1,2022,310.4,375.0,309.45,418.5,16.045180256846674,0.0,0,29.007398273736136,211328980856.8,-20.850000000000023,0.0,20.85,1.1109693877551021,4.782397959183673,0.23230383528031154,18.851181715868762,False,True
214937,ESCORTS,EQ,2069.0,2099.0,2003.15,2012.0,2010.0,2085.95,317315,649360274.4,23-DEC-2022,17562,INE042A01014,2022-12-23,37.19740879645414,2358.35,0,2022-12,2290.0,2140.15,1990.6,2358.35,-8.797835165771748,-12.424109106907174,0,0.0,17181377759.4,2022,1449.95,2140.15,1424.55,2358.35,45.935901807023534,0.0,0,60.24665352993136,143194293511.1,-73.94999999999982,0.0,73.95,2.7392857142857125,23.79719387755102,0.11510961033392285,10.322717091412471,False,True
215080,HAL,EQ,2505.0,2524.5,2425.75,2439.65,2445.95,2524.5,867782,2143040709.3,23-DEC-2022,52357,INE066F01012,2022-12-23,40.516645547747956,2811.8,0,2022-12,2760.0,2531.25,2415.0,2811.8,-8.134935036655298,-11.612926838194932,0,1.6025583118032978,40030374882.7,2022,1763.0,2531.25,1720.1,2811.8,45.79253542218638,-0.42260043996759183,0,57.99292015508233,307093652502.1,-84.84999999999991,0.0,84.85,6.990816326530613,29.616581632653062,0.2360439976915855,19.096731033233226,False,True
215194,ICICIPRULI,EQ,448.15,449.3,438.0,439.65,438.5,450.2,1479721,654948092.35,23-DEC-2022,21947,INE726G01019,2022-12-23,-12.113943028485762,608.75,0,2022-12,479.0,451.3,437.7,484.8,-5.318367775097024,-7.365079365079367,0,1.179171449441727,15272840653.9,2022,489.0,451.3,437.7,608.75,-9.785107446276859,-9.603469640644361,0,21.15633396357847,89021744345.1,-10.550000000000011,0.0,10.55,0.9153061224489797,3.794642857142857,0.24121008403361346,19.433461517629866,False,True
215206,IEX,EQ,137.0,137.9,129.5,130.2,130.9,138.4,7382430,981656802.55,23-DEC-2022,80368,INE022Q01020,2022-12-23,-18.49765258215963,175.85,0,2022-12,148.0,140.0,129.25,152.4,-5.405405405405405,-12.134602311352818,0,2.2818791946308763,13470289913.85,2022,158.0,140.0,129.25,175.85,-12.363067292644757,-17.67515923566879,0,9.121936084393415,126087269003.75,-8.200000000000017,0.0,8.2,0.4477040816326531,1.8160714285714283,0.2465233881163085,19.776876267748477,False,True
215224,INDIACEM,EQ,214.2,215.75,197.05,198.1,199.0,218.75,6082011,1254876850.35,23-DEC-2022,43999,INE383A01012,2022-12-23,22.967101179391683,298.95,0,2022-12,241.75,218.45,197.05,253.05,-11.630258899676376,-17.621237458193974,0,1.7490952955368004,16886097624.8,2022,156.5,218.45,154.65,298.95,35.59900682805711,0.0,0,84.76514215080344,174534097676.0,-20.650000000000006,0.0,20.65,0.9219387755102041,4.393367346938775,0.20984786900476138,17.344979842580145,False,True
215267,IRCTC,EQ,634.5,638.05,605.0,607.25,609.4,640.95,7402977,4583902193.05,23-DEC-2022,117433,INE335Y01020,2022-12-23,4.842886740331483,774.9,0,2022-12,739.9,639.7,605.0,742.5,-12.603319898900198,-17.123287671232877,0,0.35139883768077074,49342509356.799995,2022,576.2,639.7,557.0,774.9,10.445441988950275,-3.2482195587979925,0,32.28064185728918,253654851323.3,-33.700000000000045,0.0,33.7,1.6017857142857141,9.921938775510204,0.161438782331465,13.899895955548658,False,True
215462,LTIM,EQ,4300.0,4343.3,4225.0,4266.55,4261.0,4378.5,429859,1840705901.7,23-DEC-2022,62768,INE214T01019,2022-12-23,-14.247095710897606,5107.75,0,2022-12,5080.0,4365.4,4225.0,5107.75,-12.260320778228886,-14.989939637826962,0,0.0,46904070218.15,2022,5080.0,4365.4,4225.0,5107.75,-12.260320778228886,-14.989939637826962,0,0.0,46904070218.15,-111.94999999999982,0.0,111.95,16.335714285714285,66.96785714285714,0.24393365687163351,19.60986066452304,False,True
215463,LTTS,EQ,3901.0,3920.0,3673.05,3702.6,3718.75,3951.45,375612,1424475656.05,23-DEC-2022,34684,INE010V01017,2022-12-23,24.015273311897108,4318.7,0,2022-12,3867.95,3683.55,3631.05,4318.7,-11.447803353566917,-5.848415702950779,0,3.0962043447123375,34731869185.15,2022,2995.0,3683.55,2924.2,4318.7,23.377210610932487,-0.4358188627851611,0,42.66318710359408,151025406271.55,-248.8499999999999,0.0,248.85,11.474489795918362,51.528571428571425,0.22268208641926404,18.212590900992822,False,True
215521,MARUTI,EQ,8299.7,8329.95,8122.85,8141.6,8145.0,8334.35,503012,4126807846.7,23-DEC-2022,84614,INE585B01010,2022-12-23,-3.1061814200366555,9769.0,0,2022-12,9019.05,8394.6,8076.05,9025.0,-6.290919442072294,-9.562709966405373,0,0.0,102568930929.3,2022,8440.0,8394.6,8076.05,9769.0,-0.09520862590150668,-2.7637979194760183,0,15.609467455621301,651972445983.45,-192.75,0.0,192.75,13.85561224489796,59.55969387755101,0.23263404062122553,18.872920344142216,False,True
215591,MRF,EQ,88140.0,88140.0,85774.25,86071.0,86180.0,88192.75,7258,629407745.2,23-DEC-2022,4818,INE883A01011,2022-12-23,19.221323567096015,96000.0,0,2022-12,94000.0,88535.45,85201.05,95243.65,-6.13837191427557,-8.616490015509266,0,0.09716114983310467,16183213794.65,2022,70300.0,88535.45,70300.0,96000.0,22.634958715577262,0.0,0,32.41379310344827,134422837719.75,-2121.75,0.0,2121.75,101.97704081632652,675.4635204081633,0.1509734245229183,13.117020889122358,False,True
215682,OBEROIRLTY,EQ,852.0,854.95,810.05,816.9,814.0,853.85,672114,557570002.45,23-DEC-2022,20653,INE093I01010,2022-12-23,10.07950410995822,1088.95,0,2022-12,930.5,867.95,802.4,976.9,-9.66382181515403,-12.592592592592593,0,1.1074311736700406,10562778781.45,2022,734.35,867.95,731.35,1088.95,16.958630912275975,0.0,0,45.00000000000001,82825511042.7,-36.950000000000045,0.0,36.95,1.8571428571428572,11.155612244897961,0.16647610336153668,14.271711429131543,False,True
215891,SAIL,EQ,78.25,78.3,74.35,74.7,74.7,78.7,15647334,1192867510.25,23-DEC-2022,56913,INE114A01011,2022-12-23,6.866952789699567,88.65,0,2022-12,85.7,82.65,73.75,88.65,-3.727431566686067,-12.979351032448378,0,2.7826086956521805,29063739442.1,2022,68.2,82.65,67.5,88.65,18.240343347639485,-0.5158437730287315,0,26.282051282051285,201946768520.2,-4.0,0.0,4.0,0.23214285714285715,1.0517857142857143,0.22071307300509338,18.080667593880392,False,True
215908,SBICARD,EQ,788.45,794.95,765.25,771.25,769.0,786.85,1273228,991125938.2,23-DEC-2022,44060,INE018E01016,2022-12-23,-0.1811945900472371,1028.65,0,2022-12,827.0,795.5,765.25,842.0,-4.667745221403325,-6.966141875873802,0,0.759887512714656,18724669451.35,2022,767.8,795.5,763.75,1028.65,2.9573545589853136,0.0,0,32.29374316764197,154988024172.1,-15.600000000000023,0.0,15.6,0.8323979591836734,5.362500000000002,0.15522572665429804,13.436830835117775,False,True
216125,TATAMOTORS,EQ,390.0,390.0,377.0,378.35,378.5,394.45,19902886,7601662665.9,23-DEC-2022,346083,INE155A01022,2022-12-23,-8.323237218318383,494.4,0,2022-12,443.0,387.95,375.2,443.6,-11.47746719908728,-14.112395559116408,0,0.0,117083265462.34999,2022,410.65,387.95,375.2,494.4,-5.997092318875697,-6.736266467810098,0,19.247467438494922,762721738365.25,-16.099999999999966,0.0,16.1,0.6698979591836733,4.535969387755102,0.147685731961082,12.86813348360856,False,True
216182,TRENT,EQ,1315.0,1335.0,1277.95,1284.4,1288.65,1332.45,1182635,1544505613.5,23-DEC-2022,45247,INE849A01020,2022-12-23,19.64044525173491,1566.0,0,2022-12,1473.55,1351.35,1277.95,1488.0,-7.700976709241172,-12.204589172849674,0,0.6085192697768762,15168836186.3,2022,1074.15,1351.35,1059.1,1566.0,25.876764007265614,0.0,0,43.920595533498776,120315083009.75,-48.049999999999955,0.0,48.05,1.7012755102040817,14.170408163265307,0.12005832793259884,10.718935339215975,False,True
216281,VOLTAS,EQ,800.75,803.35,775.2,777.75,777.0,807.35,980785,771725917.9,23-DEC-2022,30919,INE226A01021,2022-12-23,-18.683674002822944,1064.95,0,2022-12,822.2,799.85,770.0,862.4,-5.045408678102927,-6.097560975609756,0,1.8783225044300034,16006458632.6,2022,949.8,799.85,770.0,1064.95,-16.373046160280204,-17.91919837970366,0,9.828288557727022,135069575179.6,-29.600000000000023,0.0,29.6,1.5155612244897962,6.806887755102041,0.2226511261852116,18.210519862677785,False,True
216318,ZEEL,EQ,243.2,245.25,233.8,235.05,234.9,245.2,6879193,1645332002.3,23-DEC-2022,43041,INE256A01028,2022-12-23,9.173246632605666,287.0,0,2022-12,265.4,240.05,230.65,271.9,-9.874225642951009,-12.383665716999047,0,1.1344615956853095,28579742631.95,2022,213.0,240.05,210.6,287.0,11.49558755225267,0.0,0,32.9627055825805,298448227831.05,-10.149999999999977,0.0,10.15,0.43112244897959184,2.870663265306123,0.15018217364258418,13.057251023719374,False,True
216969,HAVELLS,EQ,1098.65,1118.2,1089.7,1110.55,1109.85,1100.8,537211,597226489.85,26-DEC-2022,23993,INE176B01034,2022-12-26,-0.06299212598425606,1405.55,0,2022-12,1259.15,1099.95,1024.5,1270.6,-12.032149712092133,-17.61820521067867,0,0.0,17370348450.45,2022,1099.85,1099.95,1024.5,1405.55,-1.0168728908886349,-6.202792401007096,0,25.49553571428571,116131527429.05,9.75,9.75,0.0,2.609948979591837,10.77142857142857,0.2423029556650247,19.50433705080546,False,True
217268,KOTAKBANK,EQ,1821.95,1826.1,1794.2,1813.55,1810.85,1821.95,4746738,8573425067.75,26-DEC-2022,102937,INE237A01028,2022-12-26,8.74231749362914,1997.55,0,2022-12,1955.0,1827.25,1794.2,1961.75,-5.534301814609934,-6.932593303420903,0,0.0,121628788145.25,2022,1645.0,1827.25,1636.0,1997.55,9.563783540698546,0.0,0,18.937183685620717,594440684351.45,-8.400000000000091,0.0,8.4,2.420918367346939,10.747959183673471,0.22524446976170132,18.383634884351636,False,True
217999,TATACHEM,EQ,897.0,916.15,876.8,906.8,910.0,891.7,836992,758439005.9,26-DEC-2022,31671,INE092A01019,2022-12-26,14.012698811843832,1214.9,0,2022-12,1041.0,937.15,876.8,1071.45,-10.636979117002008,-15.456561565904925,0,1.1804145615940318,21675334865.0,2022,791.0,937.15,773.35,1214.9,17.828628905513288,0.0,0,50.93800472108339,235333283282.6,15.099999999999909,15.1,0.0,2.4017857142857144,12.267091836734693,0.1957909622143199,16.373343535877012,False,True
218188,WIPRO,EQ,378.0,381.6,376.3,380.5,380.2,377.65,3630574,1379739622.75,26-DEC-2022,90962,INE075A01022,2022-12-26,-9.834123222748815,444.9,0,2022-12,412.85,392.75,376.3,416.35,-5.064056079284503,-8.587392202113438,0,0.0,43513118824.4,2022,415.0,392.75,372.4,444.9,-6.93127962085308,-9.47982498784638,0,5.127599243856331,330178276161.6,2.8500000000000227,2.85,0.0,0.6380102040816326,2.735969387755102,0.23319347319347314,18.909723272342347,False,True
218367,ATUL,EQ,7925.0,8000.0,7880.0,7906.85,7923.05,7885.55,43789,347110665.1,27-DEC-2022,4050,INE100A01010,2022-12-27,-1.458152881721368,9812.9,0,2022-12,8399.9,8258.0,7800.1,8947.85,-4.691007507689475,-6.845012390648788,0,2.991499720877763,5919943765.0,2022,7988.55,8258.0,7800.1,9812.9,2.9181751902141695,-1.15194525408693,0,21.597273853779424,37141125462.85,21.300000000000182,21.3,0.0,16.109948979591845,68.25663265306123,0.23602027163391473,19.09517805253435,False,True
219514,PIDILITIND,EQ,2515.0,2544.95,2509.0,2537.15,2532.0,2513.55,146799,371251722.5,27-DEC-2022,13850,INE318A01026,2022-12-27,17.550443625917957,2918.95,0,2022-12,2752.55,2550.15,2461.55,2796.0,-6.709224268807963,-9.734140080674727,0,1.0845986984815619,17071021893.25,2022,2099.95,2550.15,2082.8,2918.95,18.152755577177018,0.0,0,34.86497100746182,122379126132.0,23.59999999999991,23.6,0.0,4.700255102040816,19.175000000000004,0.24512412526940366,19.686722013868845,False,True
222472,EXIDEIND,EQ,177.9,177.9,175.9,177.2,177.4,177.9,1694901,299887476.6,29-DEC-2022,13135,INE302A01020,2022-12-29,25.318246110325305,194.2,0,2022-12,189.15,180.25,174.85,194.2,-4.249667994687915,-6.547300908605025,0,2.1298974493820575,10751781727.45,2022,137.5,180.25,136.8,194.2,27.475247524752472,0.0,0,36.808735470236,64080485671.55,-0.700000000000017,0.0,0.7,0.3482142857142857,1.403061224489796,0.24818181818181817,19.88346686088856,False,True
222613,HAVELLS,EQ,1108.0,1112.1,1098.95,1102.85,1106.0,1110.8,608371,671095426.35,29-DEC-2022,27789,INE176B01034,2022-12-29,-0.7559055118110318,1405.55,0,2022-12,1259.15,1099.95,1024.5,1270.6,-12.032149712092133,-17.61820521067867,0,0.0,17370348450.45,2022,1099.85,1099.95,1024.5,1405.55,-1.0168728908886349,-6.202792401007096,0,25.49553571428571,116131527429.05,-7.9500000000000455,0.0,7.95,2.178826530612245,9.488775510204082,0.22962146467362085,18.67415877735749,False,True
