,FinInstrmNm,Identifier,ExpiryDate,StrkPric,OptionType,PreviousClose,Open,High,Low,Close,SttlmPric,AvrgPric,Turnover (Rs. Cr.),TtlTrfVal,OpenInterest,ChngInOpnIntrst,OiChangePerc,RptgDt,CostOfCrryPctg,MrgnPctg,Mrgn,IsTradd,LastTradgDt,PrmOrDscnt,PrmOrDscntPctg,TradRegnOrgn,MktTpandId,FinInstrmId,LftmHgh,LftmLw,UnitOfMeasr,TtlNbOfTxsExctd,Ccy,Rsvd01,Rsvd02,Rsvd03,Rsvd04,Rsvd05,Date,SYMBOL,LotSize,CloseToPrevCloseChangePerc,OpenToPrevCloseChangePerc,PreviousCloseAmount,OpenAmount,CloseAmount,AmountDiffOpenToPrevClose,AmountDiffCloseToPrevClose,Closest
943,OPTSTK,ICICIBANK,28-Jun-2023,950.0,CE,0.95,1.5,1.6,0.05,0.05,937.45,,4806.0,31969.39,1525300.0,-1005200.0,,28-Jun-2023,,,,,,,,,,,,,,,,,,,,,2023-06-28,ICICIBANK,700.0,-94.73684210526315,57.89473684210527,665.0,1050.0,35.0,385.0,-630.0,True
1544,OPTSTK,CANFINHOME,28-Jun-2023,800.0,CE,1.0,1.15,5.0,0.05,0.1,782.05,,887.0,6929.94,110175.0,-75075.0,,28-Jun-2023,,,,,,,,,,,,,,,,,,,,,2023-06-28,CANFINHOME,975.0,-90.0,14.999999999999991,975.0,1121.25,97.5,146.25,-877.5,True
2911,OPTSTK,SBILIFE,28-Jun-2023,1310.0,CE,0.75,0.9,3.5,0.05,0.1,1299.9,,486.0,4780.8,69750.0,-48000.0,,28-Jun-2023,,,,,,,,,,,,,,,,,,,,,2023-06-28,SBILIFE,750.0,-86.66666666666667,19.999999999999996,562.5,675.0,75.0,112.5,-487.5,True
3186,OPTSTK,BALKRISIND,28-Jun-2023,2300.0,PE,1.1,2.0,2.0,0.05,0.05,2361.15,,121.0,835.17,43200.0,-11100.0,,28-Jun-2023,,,,,,,,,,,,,,,,,,,,,2023-06-28,BALKRISIND,300.0,-95.45454545454545,81.81818181818181,330.0,600.0,15.0,270.0,-315.0,True
3954,OPTSTK,MPHASIS,28-Jun-2023,1880.0,CE,1.45,2.0,2.0,0.05,0.05,1848.8,,259.0,1339.28,35200.0,-14025.0,,28-Jun-2023,,,,,,,,,,,,,,,,,,,,,2023-06-28,MPHASIS,275.0,-96.55172413793103,37.93103448275863,398.75,550.0,13.75,151.25,-385.0,True
9977,OPTSTK,MFSL,28-Jun-2023,820.0,CE,0.95,1.3,2.35,0.05,0.1,797.0,,925.0,4935.28,29900.0,-46150.0,,28-Jun-2023,,,,,,,,,,,,,,,,,,,,,2023-06-28,MFSL,800.0,-89.47368421052632,36.8421052631579,760.0,1040.0,80.0,280.0,-680.0,True
10773,OPTSTK,SBICARD,28-Jun-2023,880.0,CE,1.3,1.75,2.35,0.05,0.25,856.65,,146.0,1028.46,40800.0,-33600.0,,28-Jun-2023,,,,,,,,,,,,,,,,,,,,,2023-06-28,SBICARD,800.0,-80.76923076923077,34.615384615384606,1040.0,1400.0,200.0,360.0,-840.0,True
11331,OPTSTK,PAGEIND,28-Jun-2023,36500.0,PE,1.05,1.2,1.2,0.1,0.25,37473.7,,77.0,421.57,2250.0,-240.0,,28-Jun-2023,,,,,,,,,,,,,,,,,,,,,2023-06-28,PAGEIND,15.0,-76.19047619047619,14.28571428571428,15.75,18.0,3.75,2.25,-12.0,True
12302,OPTSTK,TORNTPHARM,28-Jun-2023,1860.0,PE,0.85,3.0,3.0,0.05,0.7,1953.65,,160.0,1488.56,26500.0,-12000.0,,28-Jun-2023,,,,,,,,,,,,,,,,,,,,,2023-06-28,TORNTPHARM,500.0,-17.647058823529417,252.94117647058823,425.0,1500.0,350.0,1075.0,-75.0,True
12643,OPTSTK,APOLLOHOSP,28-Jun-2023,5000.0,PE,1.4,3.0,3.35,0.05,0.05,5126.9,,1093.0,6831.59,108875.0,-44875.0,,28-Jun-2023,,,,,,,,,,,,,,,,,,,,,2023-06-28,APOLLOHOSP,125.0,-96.42857142857143,114.28571428571428,175.0,375.0,6.25,200.0,-168.75,True
12870,OPTSTK,RECLTD,28-Jun-2023,160.0,CE,1.1,2.2,7.8,1.25,6.45,166.75,,507.0,6616.57,856000.0,-1848000.0,,28-Jun-2023,,,,,,,,,,,,,,,,,,,,,2023-06-28,RECLTD,8000.0,486.3636363636363,100.0,8800.0,17600.0,51600.0,8800.0,42800.0,True
14879,OPTSTK,APOLLOTYRE,28-Jun-2023,405.0,CE,1.0,1.55,5.0,0.1,1.65,409.45,,414.0,5875.81,119000.0,-241500.0,,28-Jun-2023,,,,,,,,,,,,,,,,,,,,,2023-06-28,APOLLOTYRE,1700.0,64.99999999999999,55.00000000000001,1700.0,2635.0,2805.0,935.0,1105.0,True
14975,OPTSTK,METROPOLIS,28-Jun-2023,1540.0,CE,1.4,2.5,2.5,0.05,0.05,1460.15,,715.0,4405.23,140000.0,-25200.0,,28-Jun-2023,,,,,,,,,,,,,,,,,,,,,2023-06-28,METROPOLIS,400.0,-96.42857142857143,78.57142857142858,560.0,1000.0,20.0,440.0,-540.0,True
16599,OPTSTK,BHEL,28-Jun-2023,84.0,CE,0.75,0.85,1.8,0.7,1.2,85.05,,129.0,1152.12,472500.0,-556500.0,,28-Jun-2023,,,,,,,,,,,,,,,,,,,,,2023-06-28,BHEL,10500.0,59.999999999999986,13.33333333333333,7875.0,8925.0,12600.0,1050.0,4725.0,True
17001,OPTSTK,NATIONALUM,28-Jun-2023,81.0,CE,1.25,1.6,1.75,0.75,1.1,81.95,,47.0,289.83,172500.0,-180000.0,,28-Jun-2023,,,,,,,,,,,,,,,,,,,,,2023-06-28,NATIONALUM,7500.0,-11.99999999999999,28.000000000000004,9375.0,12000.0,8250.0,2625.0,-1125.0,True
17359,OPTSTK,AMBUJACEM,28-Jun-2023,440.0,CE,0.75,0.9,3.5,0.05,0.2,434.25,,1617.0,12852.33,322200.0,-417600.0,,28-Jun-2023,,,,,,,,,,,,,,,,,,,,,2023-06-28,AMBUJACEM,1800.0,-73.33333333333334,19.999999999999996,1350.0,1620.0,360.0,270.0,-990.0,True
19144,OPTSTK,L&TFH,28-Jun-2023,124.0,PE,1.2,2.0,2.0,0.05,0.25,123.6,,12.0,133.66,107088.0,-35696.0,,28-Jun-2023,,,,,,,,,,,,,,,,,,,,,2023-06-28,L&TFH,8924.0,-79.16666666666666,66.66666666666667,10708.8,17848.0,2231.0,7139.200000000001,-8477.8,True
19554,OPTSTK,COLPAL,28-Jun-2023,1660.0,PE,1.2,1.35,1.35,0.1,0.4,1688.25,,57.0,331.23,16450.0,-8750.0,,28-Jun-2023,,,,,,,,,,,,,,,,,,,,,2023-06-28,COLPAL,350.0,-66.66666666666666,12.500000000000021,420.0,472.50000000000006,140.0,52.50000000000006,-280.0,True
19805,OPTSTK,RELIANCE,28-Jun-2023,2540.0,CE,0.8,1.0,3.1,0.05,0.05,2529.5,,13400.0,85125.07,625000.0,-243000.0,,28-Jun-2023,,,,,,,,,,,,,,,,,,,,,2023-06-28,RELIANCE,250.0,-93.75,25.0,200.0,250.0,12.5,50.0,-187.5,True
20507,OPTSTK,INDUSINDBK,28-Jun-2023,1350.0,CE,1.15,1.45,7.0,0.05,0.15,1334.05,,3282.0,19958.08,180450.0,-225900.0,,28-Jun-2023,,,,,,,,,,,,,,,,,,,,,2023-06-28,INDUSINDBK,500.0,-86.95652173913044,26.086956521739136,575.0,725.0,75.0,150.0,-500.0,True
22453,OPTSTK,TATAMOTORS,28-Jun-2023,580.0,CE,0.85,1.45,11.0,0.15,7.8,586.65,,9286.0,77293.49,1350900.0,-3060900.0,,28-Jun-2023,,,,,,,,,,,,,,,,,,,,,2023-06-28,TATAMOTORS,1425.0,817.6470588235294,70.58823529411764,1211.25,2066.25,11115.0,855.0,9903.75,True
23228,OPTSTK,RAIN,28-Jun-2023,165.0,PE,0.8,1.0,4.0,0.65,2.9,162.1,,254.0,1489.6,112000.0,-325500.0,,28-Jun-2023,,,,,,,,,,,,,,,,,,,,,2023-06-28,,,262.49999999999994,25.0,,,,,,True
23788,OPTSTK,GMRINFRA,28-Jun-2023,44.0,PE,1.15,1.25,1.6,0.85,1.6,42.6,,40.0,406.63,2227500.0,-495000.0,,28-Jun-2023,,,,,,,,,,,,,,,,,,,,,2023-06-28,GMRINFRA,22500.0,39.13043478260872,8.69565217391306,25874.999999999996,28125.0,36000.0,2250.0000000000036,10125.000000000004,True
25360,OPTSTK,SBIN,28-Jun-2023,575.0,CE,0.7,1.0,1.1,0.05,0.05,569.8,,4688.0,40464.6,1099500.0,-849000.0,,28-Jun-2023,,,,,,,,,,,,,,,,,,,,,2023-06-28,SBIN,1500.0,-92.85714285714286,42.85714285714286,1050.0,1500.0,75.0,450.0,-975.0,True
25404,OPTSTK,NAUKRI,28-Jun-2023,4650.0,CE,0.95,1.35,1.35,0.05,0.15,4431.65,,245.0,1424.22,6000.0,-2125.0,,28-Jun-2023,,,,,,,,,,,,,,,,,,,,,2023-06-28,NAUKRI,150.0,-84.21052631578947,42.105263157894754,142.5,202.5,22.5,60.0,-120.0,True
25452,OPTSTK,ICICIGI,28-Jun-2023,1310.0,PE,1.1,2.85,2.85,0.05,0.05,1332.6,,367.0,2044.86,24225.0,-29750.0,,28-Jun-2023,,,,,,,,,,,,,,,,,,,,,2023-06-28,ICICIGI,500.0,-95.45454545454545,159.0909090909091,550.0,1425.0,25.0,875.0,-525.0,True
26248,OPTSTK,HCLTECH,28-Jun-2023,1170.0,CE,1.4,1.65,1.9,0.05,0.05,1170.25,,2970.0,24340.93,823900.0,-343000.0,,28-Jun-2023,,,,,,,,,,,,,,,,,,,,,2023-06-28,HCLTECH,700.0,-96.42857142857143,17.85714285714286,979.9999999999999,1155.0,35.0,175.0000000000001,-944.9999999999999,True
26760,OPTSTK,TATASTEEL,28-Jun-2023,109.4,CE,1.45,1.65,2.8,1.6,2.1,111.55,,298.0,1827.41,1391500.0,-665500.0,,28-Jun-2023,,,,,,,,,,,,,,,,,,,,,2023-06-28,TATASTEEL,5500.0,44.827586206896555,13.793103448275868,7975.0,9075.0,11550.0,1100.0,3575.0,True
27486,OPTSTK,NAVINFLUOR,28-Jun-2023,4650.0,CE,0.8,1.3,1.3,0.05,0.15,4486.7,,56.0,390.61,3900.0,-2850.0,,28-Jun-2023,,,,,,,,,,,,,,,,,,,,,2023-06-28,NAVINFLUOR,150.0,-81.25,62.5,120.0,195.0,22.5,75.0,-97.5,True
27640,OPTSTK,HINDCOPPER,28-Jun-2023,115.0,CE,1.2,1.3,3.95,0.25,0.45,115.85,,744.0,4181.36,542400.0,-1382400.0,,28-Jun-2023,,,,,,,,,,,,,,,,,,,,,2023-06-28,HINDCOPPER,5300.0,-62.5,8.333333333333348,6360.0,6890.0,2385.0,530.0,-3975.0,True
28471,OPTSTK,DELTACORP,28-Jun-2023,255.0,CE,1.0,1.95,5.3,0.05,0.8,254.95,,277.0,1997.32,58800.0,-140000.0,,28-Jun-2023,,,,,,,,,,,,,,,,,,,,,2023-06-28,DELTACORP,2800.0,-19.999999999999996,95.0,2800.0,5460.0,2240.0,2660.0,-560.0,True
29065,OPTSTK,DALBHARAT,28-Jun-2023,2140.0,PE,1.05,2.0,2.0,0.05,0.05,2219.55,,68.0,727.71,20000.0,-7000.0,,28-Jun-2023,,,,,,,,,,,,,,,,,,,,,2023-06-28,DALBHARAT,500.0,-95.23809523809523,90.47619047619047,525.0,1000.0,25.0,475.0,-500.0,True
29830,OPTSTK,CHOLAFIN,28-Jun-2023,1110.0,CE,0.85,2.0,18.0,0.5,15.95,1127.5,,631.0,8780.87,45000.0,-155000.0,,28-Jun-2023,,,,,,,,,,,,,,,,,,,,,2023-06-28,CHOLAFIN,1250.0,1776.4705882352941,135.29411764705884,1062.5,2500.0,19937.5,1437.5,18875.0,True
30892,OPTSTK,JINDALSTEL,28-Jun-2023,590.0,CE,1.5,2.15,2.15,0.05,0.05,576.1,,1293.0,9549.16,503750.0,-266250.0,,28-Jun-2023,,,,,,,,,,,,,,,,,,,,,2023-06-28,JINDALSTEL,1250.0,-96.66666666666667,43.333333333333336,1875.0,2687.5,62.5,812.5,-1812.5,True
31477,OPTSTK,GAIL,28-Jun-2023,105.0,PE,0.65,0.7,1.4,0.5,1.15,103.8,,328.0,3180.15,2305800.0,-951600.0,,28-Jun-2023,,,,,,,,,,,,,,,,,,,,,2023-06-28,GAIL,9150.0,76.92307692307689,7.692307692307687,5947.5,6405.0,10522.5,457.5,4575.0,True
31554,OPTSTK,ZYDUSLIFE,28-Jun-2023,565.0,PE,0.65,0.95,1.25,0.05,0.1,582.45,,190.0,1933.85,55800.0,-88200.0,,28-Jun-2023,,,,,,,,,,,,,,,,,,,,,2023-06-28,ZYDUSLIFE,1800.0,-84.61538461538461,46.153846153846146,1170.0,1710.0,180.0,540.0,-990.0,True
31695,OPTSTK,BANDHANBNK,28-Jun-2023,237.5,PE,1.1,1.85,3.4,0.3,2.55,233.45,,71.0,305.36,45000.0,-54000.0,,28-Jun-2023,,,,,,,,,,,,,,,,,,,,,2023-06-28,BANDHANBNK,2500.0,131.81818181818178,68.18181818181816,2750.0,4625.0,6375.0,1875.0,3625.0,True
32396,OPTSTK,BANDHANBNK,28-Jun-2023,240.0,CE,0.85,0.9,1.5,0.05,0.05,233.45,,1182.0,5114.69,588600.0,-586800.0,,28-Jun-2023,,,,,,,,,,,,,,,,,,,,,2023-06-28,BANDHANBNK,2500.0,-94.11764705882352,5.882352941176472,2125.0,2250.0,125.0,125.0,-2000.0,True
33508,OPTSTK,ABFRL,28-Jun-2023,212.5,CE,0.95,1.5,2.4,0.05,0.2,213.45,,161.0,894.98,114400.0,-135200.0,,28-Jun-2023,,,,,,,,,,,,,,,,,,,,,2023-06-28,ABFRL,2600.0,-78.94736842105263,57.89473684210527,2470.0,3900.0,520.0,1430.0,-1950.0,True
33785,OPTSTK,GODREJPROP,28-Jun-2023,1520.0,PE,0.65,1.0,1.8,0.05,0.65,1583.1,,106.0,684.88,38250.0,-11050.0,,28-Jun-2023,,,,,,,,,,,,,,,,,,,,,2023-06-28,GODREJPROP,475.0,0.0,53.84615384615383,308.75,475.0,308.75,166.25,0.0,True
33939,OPTSTK,COLPAL,28-Jun-2023,1720.0,CE,0.85,0.95,1.0,0.05,0.05,1688.25,,69.0,415.44,11200.0,-4200.0,,28-Jun-2023,,,,,,,,,,,,,,,,,,,,,2023-06-28,COLPAL,350.0,-94.11764705882352,11.764705882352944,297.5,332.5,17.5,35.0,-280.0,True
34573,OPTSTK,MCDOWELL-N,28-Jun-2023,920.0,CE,1.45,2.9,4.15,0.05,0.25,913.2,,1217.0,7012.13,113125.0,-115000.0,,28-Jun-2023,,,,,,,,,,,,,,,,,,,,,2023-06-28,MCDOWELL-N,700.0,-82.75862068965517,100.0,1015.0,2030.0,175.0,1015.0,-840.0,True
36445,OPTSTK,IOC,28-Jun-2023,88.0,CE,1.2,1.75,2.1,1.3,2.1,90.65,,52.0,455.71,341250.0,-107250.0,,28-Jun-2023,,,,,,,,,,,,,,,,,,,,,2023-06-28,IOC,9750.0,75.00000000000003,45.83333333333335,11700.0,17062.5,20475.0,5362.5,8775.0,True
36949,OPTIDX,NIFTY,28-Jun-2023,19000.0,CE,1.45,3.1,33.9,0.05,2.45,18972.1,,25200656.0,239584660.01,12708300.0,2024200.0,,28-Jun-2023,,,,,,,,,,,,,,,,,,,,,2023-06-28,NIFTY,50.0,68.96551724137933,113.79310344827589,72.5,155.0,122.50000000000001,82.5,50.000000000000014,True
37646,OPTSTK,HINDPETRO,28-Jun-2023,267.5,CE,1.3,1.6,3.05,0.05,0.5,269.1,,242.0,1753.44,162000.0,67500.0,,28-Jun-2023,,,,,,,,,,,,,,,,,,,,,2023-06-28,HINDPETRO,2700.0,-61.53846153846154,23.076923076923084,3510.0,4320.0,1350.0,810.0,-2160.0,True
38331,OPTSTK,ONGC,28-Jun-2023,158.0,PE,0.8,1.1,2.3,0.05,1.0,158.55,,353.0,2153.41,1216600.0,-23100.0,,28-Jun-2023,,,,,,,,,,,,,,,,,,,,,2023-06-28,ONGC,3850.0,25.0,37.5,3080.0,4235.0,3850.0,1155.0,770.0,True
38356,OPTSTK,NMDC,28-Jun-2023,104.0,CE,0.9,1.1,1.6,0.1,0.45,104.5,,158.0,747.54,81000.0,-342000.0,,28-Jun-2023,,,,,,,,,,,,,,,,,,,,,2023-06-28,NMDC,4500.0,-50.0,22.222222222222232,4050.0,4950.0,2025.0,900.0,-2025.0,True
38408,OPTSTK,DLF,28-Jun-2023,490.0,CE,0.75,0.8,0.8,0.05,0.05,485.9,,1198.0,9693.02,811800.0,-602250.0,,28-Jun-2023,,,,,,,,,,,,,,,,,,,,,2023-06-28,DLF,1650.0,-93.33333333333333,6.666666666666665,1237.5,1320.0,82.5,82.5,-1155.0,True
39464,OPTSTK,HDFC,28-Jun-2023,2860.0,CE,1.0,1.05,1.05,0.05,0.1,2779.0,,91.0,780.83,9000.0,-13200.0,,28-Jun-2023,,,,,,,,,,,,,,,,,,,,,2023-06-28,,,-90.0,5.000000000000004,,,,,,True
41651,OPTSTK,ABCAPITAL,28-Jun-2023,190.0,PE,1.3,1.5,2.4,0.05,0.1,193.5,,494.0,5087.53,199800.0,-442800.0,,28-Jun-2023,,,,,,,,,,,,,,,,,,,,,2023-06-28,ABCAPITAL,5400.0,-92.3076923076923,15.384615384615374,7020.0,8100.0,540.0,1080.0,-6480.0,True
41690,OPTSTK,PNB,28-Jun-2023,52.0,PE,1.35,1.4,1.75,1.1,1.65,50.4,,142.0,1213.57,2000000.0,-1456000.0,,28-Jun-2023,,,,,,,,,,,,,,,,,,,,,2023-06-28,PNB,16000.0,22.22222222222221,3.703703703703698,21600.0,22400.0,26400.0,800.0,4800.0,True
43117,OPTSTK,IDFC,28-Jun-2023,103.0,PE,0.9,1.05,1.5,0.75,0.75,102.3,,19.0,197.82,450000.0,-110000.0,,28-Jun-2023,,,,,,,,,,,,,,,,,,,,,2023-06-28,IDFC,10000.0,-16.666666666666675,16.666666666666675,9000.0,10500.0,7500.0,1500.0,-1500.0,True
43313,OPTSTK,IDFCFIRSTB,28-Jun-2023,77.0,CE,1.35,1.4,3.1,0.65,2.85,79.7,,189.0,2226.68,1680000.0,-1590000.0,,28-Jun-2023,,,,,,,,,,,,,,,,,,,,,2023-06-28,IDFCFIRSTB,15000.0,111.11111111111111,3.703703703703698,20250.0,21000.0,42750.0,750.0,22500.0,True
44648,OPTSTK,FEDERALBNK,28-Jun-2023,122.0,CE,1.35,1.5,2.0,0.3,0.65,122.15,,200.0,1228.85,295000.0,-245000.0,,28-Jun-2023,,,,,,,,,,,,,,,,,,,,,2023-06-28,FEDERALBNK,5000.0,-51.85185185185186,11.111111111111093,6750.0,7500.0,3250.0,750.0,-3500.0,True
46188,OPTSTK,CANBK,28-Jun-2023,298.0,CE,0.7,0.9,1.55,0.05,0.2,296.6,,892.0,7197.5,596700.0,-650700.0,,28-Jun-2023,,,,,,,,,,,,,,,,,,,,,2023-06-28,CANBK,2700.0,-71.42857142857142,28.57142857142858,1889.9999999999998,2430.0,540.0,540.0000000000002,-1349.9999999999998,True
46621,OPTSTK,JKCEMENT,28-Jun-2023,3200.0,PE,0.65,0.8,0.9,0.05,0.05,3428.9,,39.0,312.02,18250.0,-5750.0,,28-Jun-2023,,,,,,,,,,,,,,,,,,,,,2023-06-28,JKCEMENT,250.0,-92.3076923076923,23.076923076923084,162.5,200.0,12.5,37.5,-150.0,True
46785,OPTSTK,PETRONET,28-Jun-2023,220.0,CE,0.65,1.25,2.0,0.25,1.65,220.65,,113.0,748.02,66000.0,-174000.0,,28-Jun-2023,,,,,,,,,,,,,,,,,,,,,2023-06-28,PETRONET,3000.0,153.84615384615384,92.30769230769229,1950.0,3750.0,4950.0,1800.0,3000.0,True
47062,OPTSTK,INDHOTEL,28-Jun-2023,390.0,CE,0.9,1.15,7.5,0.5,4.9,396.45,,879.0,6889.92,142000.0,-576000.0,,28-Jun-2023,,,,,,,,,,,,,,,,,,,,,2023-06-28,INDHOTEL,2000.0,444.44444444444446,27.777777777777768,1800.0,2300.0,9800.0,500.0,8000.0,True
48387,OPTSTK,RAMCOCEM,28-Jun-2023,960.0,CE,0.9,1.0,1.0,0.05,0.1,933.65,,55.0,448.96,41650.0,-13600.0,,28-Jun-2023,,,,,,,,,,,,,,,,,,,,,2023-06-28,RAMCOCEM,850.0,-88.88888888888889,11.111111111111116,765.0,850.0,85.0,85.0,-680.0,True
51224,OPTSTK,PFC,28-Jun-2023,207.5,CE,0.8,1.4,10.5,1.4,10.1,217.8,,303.0,3961.65,303800.0,-713000.0,,28-Jun-2023,,,,,,,,,,,,,,,,,,,,,2023-06-28,PFC,6200.0,1162.4999999999998,74.99999999999997,4960.0,8680.0,62620.0,3720.0,57660.0,True
51874,OPTSTK,INFY,28-Jun-2023,1300.0,CE,0.7,1.5,1.5,0.05,0.05,1293.35,,8251.0,42915.16,2176800.0,-790400.0,,28-Jun-2023,,,,,,,,,,,,,,,,,,,,,2023-06-28,INFY,400.0,-92.85714285714286,114.28571428571428,280.0,600.0,20.0,320.0,-260.0,True
51932,OPTSTK,BEL,28-Jun-2023,118.0,CE,1.05,1.15,3.95,0.8,3.35,120.75,,90.0,612.8,228000.0,-171000.0,,28-Jun-2023,,,,,,,,,,,,,,,,,,,,,2023-06-28,BEL,5700.0,219.04761904761904,9.523809523809511,5985.0,6554.999999999999,19095.0,569.9999999999991,13110.0,True
52741,OPTSTK,ONGC,28-Jun-2023,157.0,CE,0.8,1.0,2.7,0.15,2.1,158.55,,416.0,2536.77,658350.0,-308000.0,,28-Jun-2023,,,,,,,,,,,,,,,,,,,,,2023-06-28,ONGC,3850.0,162.5,25.0,3080.0,3850.0,8085.0,770.0,5005.0,True
53844,OPTSTK,SAIL,25-May-2023,83.0,PE,1.0,1.1,1.6,0.65,0.95,82.25,,62.0,417.41,576000.0,-112000.0,,25-May-2023,,,,,,,,,,,,,,,,,,,,,2023-05-25,SAIL,8000.0,-5.000000000000004,10.000000000000009,8000.0,8800.0,7600.0,800.0,-400.0,True
54796,OPTSTK,HDFC,25-May-2023,2620.0,PE,1.05,1.15,3.1,0.15,0.25,2647.4,,360.0,2831.35,45900.0,-7800.0,,25-May-2023,,,,,,,,,,,,,,,,,,,,,2023-05-25,,,-76.19047619047619,9.523809523809511,,,,,,True
55012,OPTSTK,ONGC,25-May-2023,167.0,PE,1.45,1.8,2.7,1.55,2.0,166.0,,21.0,136.6,450450.0,-38500.0,,25-May-2023,,,,,,,,,,,,,,,,,,,,,2023-05-25,ONGC,3850.0,37.93103448275863,24.13793103448276,5582.5,6930.0,7700.0,1347.5,2117.5,True
55476,OPTSTK,INTELLECT,25-May-2023,550.0,PE,0.9,1.0,1.25,0.05,0.2,564.9,,99.0,545.06,113000.0,-3000.0,,25-May-2023,,,,,,,,,,,,,,,,,,,,,2023-05-25,,,-77.77777777777779,11.111111111111116,,,,,,True
56297,OPTSTK,ABCAPITAL,25-May-2023,165.0,PE,1.45,2.8,3.3,0.05,0.15,164.9,,136.0,1227.63,172800.0,-399600.0,,25-May-2023,,,,,,,,,,,,,,,,,,,,,2023-05-25,ABCAPITAL,5400.0,-89.65517241379311,93.10344827586205,7830.0,15119.999999999998,810.0,7289.999999999998,-7020.0,True
56864,OPTSTK,BIOCON,25-May-2023,245.0,CE,1.15,1.6,4.1,0.05,0.05,239.85,,750.0,4240.14,427800.0,-85100.0,,25-May-2023,,,,,,,,,,,,,,,,,,,,,2023-05-25,BIOCON,2500.0,-95.65217391304348,39.13043478260872,2875.0,4000.0,125.0,1125.0,-2750.0,True
56899,OPTSTK,HINDPETRO,25-May-2023,257.5,PE,0.95,2.0,2.65,0.8,0.8,258.1,,70.0,490.76,189000.0,-51300.0,,25-May-2023,,,,,,,,,,,,,,,,,,,,,2023-05-25,HINDPETRO,2700.0,-15.78947368421052,110.52631578947367,2565.0,5400.0,2160.0,2835.0,-405.0,True
58450,OPTSTK,RBLBANK,25-May-2023,145.0,PE,0.75,1.0,1.3,0.05,0.2,147.05,,423.0,3078.89,410000.0,-770000.0,,25-May-2023,,,,,,,,,,,,,,,,,,,,,2023-05-25,RBLBANK,5000.0,-73.33333333333334,33.33333333333333,3750.0,5000.0,1000.0,1250.0,-2750.0,True
58638,OPTSTK,TATASTEEL,25-May-2023,106.0,PE,1.05,1.4,2.0,1.2,1.45,104.85,,360.0,2131.66,1573000.0,-368500.0,,25-May-2023,,,,,,,,,,,,,,,,,,,,,2023-05-25,TATASTEEL,5500.0,38.095238095238095,33.33333333333333,5775.0,7699.999999999999,7975.0,1924.999999999999,2200.0,True
58722,OPTSTK,CIPLA,25-May-2023,950.0,CE,0.55,0.85,1.25,0.05,0.05,945.45,,750.0,4631.76,497900.0,-167700.0,,25-May-2023,,,,,,,,,,,,,,,,,,,,,2023-05-25,CIPLA,650.0,-90.9090909090909,54.54545454545452,357.50000000000006,552.5,32.5,194.99999999999994,-325.00000000000006,True
58734,OPTSTK,L&TFH,25-May-2023,100.0,CE,1.25,1.9,2.7,1.1,2.6,102.65,,248.0,2257.79,1231512.0,-696072.0,,25-May-2023,,,,,,,,,,,,,,,,,,,,,2023-05-25,L&TFH,8924.0,108.0,52.0,11155.0,16955.6,23202.4,5800.5999999999985,12047.400000000001,True
59228,OPTSTK,MOTHERSON,25-May-2023,82.0,PE,0.85,1.3,1.5,0.55,1.0,81.7,,45.0,252.67,114750.0,-236250.0,,25-May-2023,,,,,,,,,,,,,,,,,,,,,2023-05-25,MOTHERSON,7100.0,17.647058823529417,52.941176470588246,6035.0,9230.0,7100.0,3195.0,1065.0,True
59323,OPTSTK,IBULHSGFIN,25-May-2023,112.5,PE,1.15,1.25,1.6,0.65,1.1,111.55,,32.0,145.37,92000.0,-56000.0,,25-May-2023,,,,,,,,,,,,,,,,,,,,,2023-05-25,IBULHSGFIN,5100.0,-4.347826086956507,8.69565217391306,5865.0,6375.0,5610.0,510.0,-255.0,True
60082,OPTSTK,APOLLOTYRE,25-May-2023,380.0,PE,0.85,0.95,1.6,0.05,0.1,389.2,,396.0,5273.05,241500.0,-357000.0,,25-May-2023,,,,,,,,,,,,,,,,,,,,,2023-05-25,APOLLOTYRE,1700.0,-88.23529411764706,11.764705882352944,1445.0,1615.0,170.0,170.0,-1275.0,True
60274,OPTSTK,M&MFIN,25-May-2023,280.0,PE,0.75,1.0,1.8,0.05,0.05,283.15,,270.0,3033.01,328000.0,-456000.0,,25-May-2023,,,,,,,,,,,,,,,,,,,,,2023-05-25,M&MFIN,4000.0,-93.33333333333333,33.33333333333333,3000.0,4000.0,200.0,1000.0,-2800.0,True
61741,OPTSTK,BPCL,25-May-2023,362.5,PE,1.3,1.95,2.75,0.05,0.35,363.3,,79.0,518.11,43200.0,-70200.0,,25-May-2023,,,,,,,,,,,,,,,,,,,,,2023-05-25,BPCL,1800.0,-73.07692307692308,50.0,2340.0,3510.0,630.0,1170.0,-1710.0,True
62034,OPTSTK,TORNTPHARM,25-May-2023,1740.0,CE,0.9,3.2,3.2,0.8,0.8,1701.35,,3.0,26.12,14500.0,-500.0,,25-May-2023,,,,,,,,,,,,,,,,,,,,,2023-05-25,TORNTPHARM,500.0,-11.111111111111105,255.55555555555557,450.0,1600.0,400.0,1150.0,-50.0,True
62871,OPTSTK,OFSS,25-May-2023,3415.0,PE,1.4,3.0,3.0,0.3,0.3,3565.6,,2.0,13.66,12600.0,200.0,,25-May-2023,,,,,,,,,,,,,,,,,,,,,2023-05-25,OFSS,200.0,-78.57142857142857,114.28571428571428,280.0,600.0,60.0,320.0,-220.0,True
64049,OPTSTK,IPCALAB,25-May-2023,670.0,PE,1.25,1.8,1.8,0.1,0.25,681.7,,78.0,339.97,35750.0,-12350.0,,25-May-2023,,,,,,,,,,,,,,,,,,,,,2023-05-25,IPCALAB,650.0,-80.0,43.99999999999999,812.5,1170.0,162.5,357.5,-650.0,True
64445,OPTSTK,ASHOKLEY,25-May-2023,151.0,PE,1.45,2.25,6.15,2.25,6.0,145.5,,24.0,186.7,175000.0,-70000.0,,25-May-2023,,,,,,,,,,,,,,,,,,,,,2023-05-25,ASHOKLEY,5000.0,313.7931034482759,55.172413793103445,7250.0,11250.0,30000.0,4000.0,22750.0,True
64827,OPTSTK,PNB,25-May-2023,51.0,PE,1.2,1.25,1.7,1.15,1.5,49.65,,78.0,654.12,1792000.0,-224000.0,,25-May-2023,,,,,,,,,,,,,,,,,,,,,2023-05-25,PNB,16000.0,25.0,4.166666666666674,19200.0,20000.0,24000.0,800.0,4800.0,True
64907,OPTSTK,IEX,25-May-2023,155.0,PE,0.95,1.0,1.5,0.05,0.2,155.5,,605.0,3529.48,442500.0,-337500.0,,25-May-2023,,,,,,,,,,,,,,,,,,,,,2023-05-25,IEX,3750.0,-78.94736842105263,5.263157894736836,3562.5,3750.0,750.0,187.5,-2812.5,True
65266,OPTSTK,AARTIIND,25-May-2023,505.0,PE,1.05,1.4,2.2,0.2,0.35,506.1,,66.0,284.01,26350.0,-10200.0,,25-May-2023,,,,,,,,,,,,,,,,,,,,,2023-05-25,AARTIIND,1000.0,-66.66666666666667,33.33333333333333,1050.0,1400.0,350.0,350.0,-700.0,True
65306,OPTSTK,WIPRO,25-May-2023,397.5,PE,1.15,2.0,4.65,1.2,3.3,394.1,,201.0,1205.77,114000.0,-97500.0,,25-May-2023,,,,,,,,,,,,,,,,,,,,,2023-05-25,WIPRO,1500.0,186.9565217391304,73.91304347826089,1724.9999999999998,3000.0,4950.0,1275.0000000000002,3225.0,True
65748,OPTSTK,HINDCOPPER,25-May-2023,103.0,PE,0.7,1.1,1.8,1.0,1.0,102.85,,71.0,356.37,187200.0,-196800.0,,25-May-2023,,,,,,,,,,,,,,,,,,,,,2023-05-25,HINDCOPPER,5300.0,42.85714285714286,57.14285714285716,3709.9999999999995,5830.000000000001,5300.0,2120.0000000000014,1590.0000000000005,True
65801,OPTSTK,MUTHOOTFIN,25-May-2023,1088.0,PE,0.9,1.95,1.95,0.5,0.5,1110.95,,30.0,179.67,17600.0,-6600.0,,25-May-2023,,,,,,,,,,,,,,,,,,,,,2023-05-25,MUTHOOTFIN,550.0,-44.44444444444444,116.66666666666666,495.0,1072.5,275.0,577.5,-220.0,True
66110,OPTSTK,DELTACORP,25-May-2023,235.0,CE,1.3,1.95,5.3,1.05,1.3,236.8,,105.0,698.07,64400.0,-159600.0,,25-May-2023,,,,,,,,,,,,,,,,,,,,,2023-05-25,DELTACORP,2800.0,0.0,50.0,3640.0,5460.0,3640.0,1820.0,0.0,True
67173,OPTSTK,ICICIGI,25-May-2023,1100.0,CE,0.7,0.75,0.75,0.05,0.05,1080.3,,118.0,551.74,36125.0,-18700.0,,25-May-2023,,,,,,,,,,,,,,,,,,,,,2023-05-25,ICICIGI,500.0,-92.85714285714286,7.14285714285714,350.0,375.0,25.0,25.0,-325.0,True
67562,OPTSTK,BSOFT,25-May-2023,335.0,CE,1.2,1.45,4.95,0.3,1.85,335.4,,382.0,2569.1,104000.0,-174000.0,,25-May-2023,,,,,,,,,,,,,,,,,,,,,2023-05-25,BSOFT,2000.0,54.16666666666667,20.833333333333325,2400.0,2900.0,3700.0,500.0,1300.0,True
67926,OPTSTK,GODREJCP,25-May-2023,1030.0,CE,0.6,1.0,2.95,0.05,0.05,1029.4,,556.0,5733.48,110000.0,-63000.0,,25-May-2023,,,,,,,,,,,,,,,,,,,,,2023-05-25,GODREJCP,1000.0,-91.66666666666666,66.66666666666667,600.0,1000.0,50.0,400.0,-550.0,True
68503,OPTSTK,INDUSTOWER,25-May-2023,142.5,CE,1.4,3.5,6.75,2.85,5.7,147.65,,16.0,65.85,42000.0,-25200.0,,25-May-2023,,,,,,,,,,,,,,,,,,,,,2023-05-25,INDUSTOWER,3400.0,307.1428571428572,150.0,4760.0,11900.0,19380.0,7140.0,14620.0,True
69126,OPTSTK,BALRAMCHIN,25-May-2023,385.0,PE,0.65,0.75,1.8,0.1,0.1,391.65,,39.0,240.67,67200.0,3200.0,,25-May-2023,,,,,,,,,,,,,,,,,,,,,2023-05-25,BALRAMCHIN,1600.0,-84.61538461538461,15.384615384615374,1040.0,1200.0,160.0,160.0,-880.0,True
69351,OPTSTK,MANAPPURAM,25-May-2023,110.0,PE,1.05,1.5,1.65,0.05,0.1,110.15,,757.0,5022.58,312000.0,-1932000.0,,25-May-2023,,,,,,,,,,,,,,,,,,,,,2023-05-25,MANAPPURAM,6000.0,-90.47619047619048,42.85714285714286,6300.0,9000.0,600.0,2700.0,-5700.0,True
69783,OPTSTK,NMDC,25-May-2023,106.25,PE,1.25,1.45,2.3,1.25,2.0,104.3,,8.0,38.94,81000.0,-13500.0,,25-May-2023,,,,,,,,,,,,,,,,,,,,,2023-05-25,NMDC,4500.0,60.00000000000001,15.999999999999993,5625.0,6525.0,9000.0,900.0,3375.0,True
73462,OPTSTK,DABUR,25-May-2023,530.0,CE,0.9,1.0,2.7,0.05,0.55,530.15,,813.0,5400.85,156250.0,-390000.0,,25-May-2023,,,,,,,,,,,,,,,,,,,,,2023-05-25,DABUR,1250.0,-38.888888888888886,11.111111111111116,1125.0,1250.0,687.5,125.0,-437.5,True
74293,OPTSTK,NESTLEIND,25-May-2023,22000.0,CE,1.4,2.95,10.85,0.05,0.05,21474.85,,574.0,5052.12,10080.0,-4480.0,,25-May-2023,,,,,,,,,,,,,,,,,,,,,2023-05-25,NESTLEIND,40.0,-96.42857142857143,110.71428571428572,56.0,118.0,2.0,62.0,-54.0,True
75433,OPTSTK,IDFC,25-May-2023,90.0,CE,1.4,1.5,4.55,1.45,4.45,94.45,,119.0,1112.99,1870000.0,-360000.0,,25-May-2023,,,,,,,,,,,,,,,,,,,,,2023-05-25,IDFC,10000.0,217.8571428571429,7.14285714285714,14000.0,15000.0,44500.0,1000.0,30500.0,True
75642,OPTSTK,BAJAJFINSV,25-May-2023,1460.0,CE,1.3,1.65,1.65,0.05,0.05,1427.35,,704.0,5140.59,128500.0,-184500.0,,25-May-2023,,,,,,,,,,,,,,,,,,,,,2023-05-25,BAJAJFINSV,500.0,-96.15384615384616,26.923076923076916,650.0,825.0,25.0,175.0,-625.0,True
78659,OPTSTK,SRF,25-May-2023,2500.0,CE,0.75,0.95,2.5,0.05,0.5,2473.5,,1117.0,10475.9,95250.0,-64500.0,,25-May-2023,,,,,,,,,,,,,,,,,,,,,2023-05-25,SRF,375.0,-33.333333333333336,26.66666666666666,281.25,356.25,187.5,75.0,-93.75,True
79890,OPTSTK,TATAMOTORS,25-May-2023,515.0,PE,0.85,1.2,7.2,1.2,1.7,514.85,,1662.0,12292.84,267900.0,-675450.0,,25-May-2023,,,,,,,,,,,,,,,,,,,,,2023-05-25,TATAMOTORS,1425.0,100.0,41.176470588235304,1211.25,1710.0,2422.5,498.75,1211.25,True
80043,OPTSTK,KOTAKBANK,25-May-2023,1940.0,CE,1.4,1.6,3.0,0.05,0.05,1929.95,,1889.0,14668.27,338800.0,-195200.0,,25-May-2023,,,,,,,,,,,,,,,,,,,,,2023-05-25,KOTAKBANK,400.0,-96.42857142857143,14.285714285714302,560.0,640.0,20.0,80.0,-540.0,True
80125,OPTSTK,SHRIRAMFIN,25-May-2023,1400.0,CE,1.1,2.75,2.75,0.05,0.15,1375.35,,324.0,2723.14,69000.0,-73200.0,,25-May-2023,,,,,,,,,,,,,,,,,,,,,2023-05-25,SHRIRAMFIN,600.0,-86.36363636363636,150.0,660.0,1650.0,90.0,990.0,-570.0,True
80214,OPTSTK,BAJAJ-AUTO,25-May-2023,4660.0,CE,0.9,1.05,8.0,0.05,0.35,4644.0,,1966.0,22918.28,10750.0,-21500.0,,25-May-2023,,,,,,,,,,,,,,,,,,,,,2023-05-25,BAJAJ-AUTO,250.0,-61.111111111111114,16.666666666666675,225.0,262.5,87.5,37.5,-137.5,True
81456,OPTSTK,SUNPHARMA,25-May-2023,940.0,PE,1.15,1.35,2.0,0.05,0.1,945.0,,445.0,2930.75,160300.0,-25200.0,,25-May-2023,,,,,,,,,,,,,,,,,,,,,2023-05-25,SUNPHARMA,700.0,-91.30434782608695,17.391304347826097,804.9999999999999,945.0000000000001,70.0,140.00000000000023,-734.9999999999999,True
81481,OPTSTK,GUJGASLTD,25-May-2023,480.0,PE,1.4,2.0,2.0,0.05,0.05,488.75,,62.0,372.41,103750.0,-13750.0,,25-May-2023,,,,,,,,,,,,,,,,,,,,,2023-05-25,GUJGASLTD,1250.0,-96.42857142857143,42.85714285714286,1750.0,2500.0,62.5,750.0,-1687.5,True
82152,OPTSTK,ABB,25-May-2023,4000.0,CE,1.3,2.0,10.0,0.05,0.05,3941.95,,799.0,7992.85,48000.0,-49000.0,,25-May-2023,,,,,,,,,,,,,,,,,,,,,2023-05-25,ABB,250.0,-96.15384615384616,53.84615384615383,325.0,500.0,12.5,175.0,-312.5,True
82490,OPTSTK,PFC,25-May-2023,166.0,CE,0.9,1.7,5.4,1.6,4.75,170.6,,75.0,789.12,285200.0,-167400.0,,25-May-2023,,,,,,,,,,,,,,,,,,,,,2023-05-25,PFC,6200.0,427.77777777777777,88.88888888888889,5580.0,10540.0,29450.0,4960.0,23870.0,True
82698,OPTSTK,EICHERMOT,25-May-2023,2700.0,PE,1.0,3.0,3.0,3.0,3.0,3651.5,,2.0,9.46,1575.0,0.0,,25-May-2023,,,,,,,,,,,,,,,,,,,,,2023-05-25,EICHERMOT,175.0,200.0,200.0,175.0,525.0,525.0,350.0,350.0,True
84216,OPTSTK,BRITANNIA,25-May-2023,4650.0,CE,1.35,1.5,45.6,0.05,0.05,4563.45,,2506.0,23374.08,52800.0,-59600.0,,25-May-2023,,,,,,,,,,,,,,,,,,,,,2023-05-25,BRITANNIA,200.0,-96.2962962962963,11.111111111111093,270.0,300.0,10.0,30.0,-260.0,True
84464,OPTSTK,ITC,25-May-2023,435.0,CE,1.1,1.85,6.45,1.5,5.9,441.15,,2737.0,19204.82,219200.0,-1584000.0,,25-May-2023,,,,,,,,,,,,,,,,,,,,,2023-05-25,ITC,1600.0,436.3636363636363,68.18181818181816,1760.0000000000002,2960.0,9440.0,1199.9999999999998,7680.0,True
84536,OPTSTK,JINDALSTEL,25-May-2023,500.0,PE,0.85,1.0,1.15,0.05,0.05,510.6,,344.0,2152.09,161250.0,-112500.0,,25-May-2023,,,,,,,,,,,,,,,,,,,,,2023-05-25,JINDALSTEL,1250.0,-94.11764705882352,17.647058823529417,1062.5,1250.0,62.5,187.5,-1000.0,True
86061,OPTSTK,CANBK,25-May-2023,300.0,CE,1.4,3.0,3.0,0.05,0.25,299.65,,654.0,5307.32,680400.0,-666900.0,,25-May-2023,,,,,,,,,,,,,,,,,,,,,2023-05-25,CANBK,2700.0,-82.14285714285714,114.28571428571428,3779.9999999999995,8100.0,675.0,4320.0,-3104.9999999999995,True
86488,OPTSTK,EXIDEIND,25-May-2023,205.0,PE,0.65,0.7,0.9,0.05,0.05,208.2,,266.0,1965.17,208800.0,-277200.0,,25-May-2023,,,,,,,,,,,,,,,,,,,,,2023-05-25,EXIDEIND,3600.0,-92.3076923076923,7.692307692307687,2340.0,2520.0,180.0,180.0,-2160.0,True
88204,OPTSTK,BOSCHLTD,25-May-2023,19750.0,CE,1.4,4.4,4.4,0.05,0.05,18781.2,,28.0,276.51,950.0,-750.0,,25-May-2023,,,,,,,,,,,,,,,,,,,,,2023-05-25,BOSCHLTD,50.0,-96.42857142857143,214.28571428571433,70.0,220.00000000000003,2.5,150.00000000000003,-67.5,True
88533,OPTSTK,BERGEPAINT,25-May-2023,625.0,PE,0.75,0.85,0.85,0.05,0.05,641.6,,24.0,165.05,66000.0,-8800.0,,25-May-2023,,,,,,,,,,,,,,,,,,,,,2023-05-25,BERGEPAINT,1100.0,-93.33333333333333,13.33333333333333,825.0,935.0,55.0,110.0,-770.0,True
89429,OPTSTK,ABFRL,25-May-2023,200.0,CE,0.9,0.95,2.5,0.05,0.25,199.05,,723.0,3785.08,239200.0,-689000.0,,25-May-2023,,,,,,,,,,,,,,,,,,,,,2023-05-25,ABFRL,2600.0,-72.22222222222221,5.555555555555558,2340.0,2470.0,650.0,130.0,-1690.0,True
90949,OPTSTK,ICICIBANK,25-May-2023,930.0,PE,1.2,2.0,2.0,0.05,0.05,939.85,,2366.0,15412.52,485800.0,-303800.0,,25-May-2023,,,,,,,,,,,,,,,,,,,,,2023-05-25,ICICIBANK,700.0,-95.83333333333334,66.66666666666667,840.0,1400.0,35.0,560.0,-805.0,True
91124,OPTSTK,GLENMARK,25-May-2023,620.0,CE,0.65,0.7,0.9,0.05,0.2,607.4,,273.0,2455.35,195750.0,-178350.0,,25-May-2023,,,,,,,,,,,,,,,,,,,,,2023-05-25,GLENMARK,1450.0,-69.23076923076923,7.692307692307687,942.5,1014.9999999999999,290.0,72.49999999999989,-652.5,True
92574,OPTSTK,IDEA,25-May-2023,8.0,PE,1.05,1.1,1.1,0.9,1.05,7.0,,29.0,182.56,2660000.0,-1050000.0,,25-May-2023,,,,,,,,,,,,,,,,,,,,,2023-05-25,IDEA,80000.0,0.0,4.761904761904767,84000.0,88000.0,84000.0,4000.0,0.0,True
94013,OPTSTK,IOC,25-May-2023,90.0,PE,0.75,1.1,2.0,0.3,1.35,89.15,,222.0,1976.19,1725750.0,-828750.0,,25-May-2023,,,,,,,,,,,,,,,,,,,,,2023-05-25,IOC,9750.0,80.0,46.66666666666668,7312.5,10725.0,13162.5,3412.5,5850.0,True
94509,OPTSTK,CIPLA,25-May-2023,910.0,PE,1.25,1.4,1.4,0.05,0.05,945.45,,315.0,1863.91,314600.0,-25350.0,,25-May-2023,,,,,,,,,,,,,,,,,,,,,2023-05-25,CIPLA,650.0,-96.0,11.99999999999999,812.5,909.9999999999999,32.5,97.49999999999989,-780.0,True
96923,OPTSTK,HINDALCO,25-May-2023,395.0,PE,1.0,1.25,1.5,0.05,0.1,404.25,,343.0,1899.9,85400.0,-114800.0,,25-May-2023,,,,,,,,,,,,,,,,,,,,,2023-05-25,HINDALCO,1400.0,-90.0,25.0,1400.0,1750.0,140.0,350.0,-1260.0,True
100409,OPTSTK,NATIONALUM,25-May-2023,81.5,PE,1.35,1.4,2.05,1.2,1.2,80.55,,3.0,18.68,285000.0,-7500.0,,25-May-2023,,,,,,,,,,,,,,,,,,,,,2023-05-25,NATIONALUM,7500.0,-11.111111111111116,3.703703703703698,10125.0,10500.0,9000.0,375.0,-1125.0,True
101064,OPTSTK,ICICIPRULI,25-May-2023,435.0,PE,0.95,2.0,2.55,0.05,0.05,438.25,,77.0,504.5,64500.0,-24000.0,,25-May-2023,,,,,,,,,,,,,,,,,,,,,2023-05-25,ICICIPRULI,1500.0,-94.73684210526315,110.52631578947367,1425.0,3000.0,75.0,1575.0,-1350.0,True
101220,OPTSTK,FEDERALBNK,25-May-2023,125.0,PE,1.5,2.0,2.75,1.4,1.8,123.25,,469.0,2982.44,925000.0,-940000.0,,25-May-2023,,,,,,,,,,,,,,,,,,,,,2023-05-25,FEDERALBNK,5000.0,19.999999999999996,33.33333333333333,7500.0,10000.0,9000.0,2500.0,1500.0,True
101565,OPTSTK,BEL,25-May-2023,108.0,CE,0.75,0.9,2.7,0.9,1.75,109.6,,97.0,607.41,210900.0,-250800.0,,25-May-2023,,,,,,,,,,,,,,,,,,,,,2023-05-25,BEL,5700.0,133.33333333333334,19.999999999999996,4275.0,5130.0,9975.0,855.0,5700.0,True
102696,OPTSTK,GAIL,25-May-2023,107.0,CE,0.9,1.1,1.25,0.5,1.0,107.8,,102.0,1007.63,393450.0,-558150.0,,25-May-2023,,,,,,,,,,,,,,,,,,,,,2023-05-25,GAIL,9150.0,11.111111111111116,22.222222222222232,8235.0,10065.0,9150.0,1830.0,915.0,True
103221,OPTSTK,CUB,25-May-2023,140.0,PE,1.35,1.8,3.75,1.5,2.8,137.45,,50.0,355.54,185000.0,-155000.0,,25-May-2023,,,,,,,,,,,,,,,,,,,,,2023-05-25,CUB,5000.0,107.40740740740739,33.33333333333333,6750.0,9000.0,14000.0,2250.0,7250.0,True
105573,OPTSTK,BANKBARODA,25-May-2023,182.5,PE,0.85,0.95,2.95,0.45,1.05,181.8,,385.0,4140.68,421200.0,-906750.0,,25-May-2023,,,,,,,,,,,,,,,,,,,,,2023-05-25,BANKBARODA,5850.0,23.529411764705888,11.764705882352944,4972.5,5557.5,6142.5,585.0,1170.0,True
105884,OPTSTK,PETRONET,27-Apr-2023,235.0,CE,1.0,2.0,3.0,0.5,1.25,235.9,,96.0,681.89,213000.0,-153000.0,,27-Apr-2023,,,,,,,,,,,,,,,,,,,,,2023-04-27,PETRONET,3000.0,25.0,100.0,3000.0,6000.0,3750.0,3000.0,750.0,True
107202,OPTSTK,NATIONALUM,27-Apr-2023,84.0,PE,1.5,1.9,2.25,1.35,1.95,82.15,,17.0,109.56,262500.0,-45000.0,,27-Apr-2023,,,,,,,,,,,,,,,,,,,,,2023-04-27,NATIONALUM,7500.0,30.000000000000004,26.66666666666666,11250.0,14250.0,14625.0,3000.0,3375.0,True
107250,OPTSTK,INDIAMART,27-Apr-2023,5100.0,PE,0.85,2.5,2.5,0.05,1.0,5248.4,,16.0,122.41,8400.0,-1050.0,,27-Apr-2023,,,,,,,,,,,,,,,,,,,,,2023-04-27,INDIAMART,300.0,17.647058823529417,194.11764705882354,255.0,750.0,300.0,495.0,45.0,True
107370,OPTSTK,MOTHERSON,27-Apr-2023,73.0,PE,1.1,1.25,1.25,0.8,0.8,72.5,,8.0,39.89,54000.0,0.0,,27-Apr-2023,,,,,,,,,,,,,,,,,,,,,2023-04-27,MOTHERSON,7100.0,-27.27272727272727,13.636363636363624,7810.000000000001,8875.0,5680.0,1064.999999999999,-2130.000000000001,True
107434,OPTSTK,NTPC,27-Apr-2023,170.0,CE,0.75,0.95,1.0,0.15,0.75,170.95,,177.0,1720.19,894900.0,-438900.0,,27-Apr-2023,,,,,,,,,,,,,,,,,,,,,2023-04-27,NTPC,3000.0,0.0,26.66666666666666,2250.0,2850.0,2250.0,600.0,0.0,True
108394,OPTSTK,BALRAMCHIN,27-Apr-2023,420.0,PE,0.95,1.15,2.3,0.05,0.5,420.65,,230.0,1549.98,107200.0,-131200.0,,27-Apr-2023,,,,,,,,,,,,,,,,,,,,,2023-04-27,BALRAMCHIN,1600.0,-47.36842105263158,21.052631578947366,1520.0,1839.9999999999998,800.0,319.9999999999998,-720.0,True
108634,OPTSTK,SBIN,27-Apr-2023,560.0,PE,0.85,1.0,1.3,0.05,0.1,564.75,,2489.0,20929.6,1026000.0,-948000.0,,27-Apr-2023,,,,,,,,,,,,,,,,,,,,,2023-04-27,SBIN,1500.0,-88.23529411764706,17.647058823529417,1275.0,1500.0,150.0,225.0,-1125.0,True
109906,OPTSTK,MUTHOOTFIN,27-Apr-2023,1038.0,CE,0.6,0.9,0.9,0.05,0.1,1012.1,,82.0,468.23,103950.0,-12100.0,,27-Apr-2023,,,,,,,,,,,,,,,,,,,,,2023-04-27,MUTHOOTFIN,550.0,-83.33333333333333,50.0,330.0,495.0,55.0,165.0,-275.0,True
110114,OPTSTK,SYNGENE,27-Apr-2023,640.0,CE,1.45,4.45,18.0,2.0,10.25,649.85,,300.0,1942.16,18000.0,-25000.0,,27-Apr-2023,,,,,,,,,,,,,,,,,,,,,2023-04-27,SYNGENE,1000.0,606.896551724138,206.89655172413794,1450.0,4450.0,10250.0,3000.0,8800.0,True
110764,OPTSTK,NAVINFLUOR,27-Apr-2023,3800.0,PE,1.0,3.0,3.0,0.9,0.9,4743.3,,2.0,11.4,2250.0,0.0,,27-Apr-2023,,,,,,,,,,,,,,,,,,,,,2023-04-27,NAVINFLUOR,150.0,-9.999999999999998,200.0,150.0,450.0,135.0,300.0,-15.0,True
111718,OPTSTK,POWERGRID,27-Apr-2023,237.5,PE,0.95,1.1,3.8,1.0,2.45,235.95,,44.0,284.74,143100.0,-10800.0,,27-Apr-2023,,,,,,,,,,,,,,,,,,,,,2023-04-27,POWERGRID,2700.0,157.89473684210532,15.789473684210531,2565.0,2970.0000000000005,6615.000000000001,405.00000000000045,4050.000000000001,True
111874,OPTSTK,LICHSGFIN,27-Apr-2023,340.0,PE,1.35,1.9,2.5,0.05,0.45,339.75,,86.0,587.02,164000.0,-96000.0,,27-Apr-2023,,,,,,,,,,,,,,,,,,,,,2023-04-27,LICHSGFIN,2000.0,-66.66666666666667,40.74074074074072,2700.0,3800.0,900.0,1100.0,-1800.0,True
112048,OPTSTK,ABBOTINDIA,27-Apr-2023,25000.0,CE,1.0,1.1,1.1,0.35,1.0,22147.0,,13.0,130.0,1160.0,-400.0,,27-Apr-2023,,,,,,,,,,,,,,,,,,,,,2023-04-27,ABBOTINDIA,40.0,0.0,10.000000000000009,40.0,44.0,40.0,4.0,0.0,True
113113,OPTSTK,BERGEPAINT,27-Apr-2023,610.0,CE,0.75,1.25,2.5,0.05,0.05,602.6,,322.0,2164.65,34100.0,-171600.0,,27-Apr-2023,,,,,,,,,,,,,,,,,,,,,2023-04-27,BERGEPAINT,1100.0,-93.33333333333333,66.66666666666667,825.0,1375.0,55.0,550.0,-770.0,True
113708,OPTSTK,HCLTECH,27-Apr-2023,1080.0,CE,0.55,0.7,0.7,0.05,0.05,1071.25,,1005.0,7599.32,319200.0,-235200.0,,27-Apr-2023,,,,,,,,,,,,,,,,,,,,,2023-04-27,HCLTECH,700.0,-90.9090909090909,27.27272727272725,385.00000000000006,489.99999999999994,35.0,104.99999999999989,-350.00000000000006,True
113975,OPTSTK,RECLTD,27-Apr-2023,126.0,PE,1.1,1.25,1.45,1.2,1.2,125.1,,6.0,61.08,128000.0,-40000.0,,27-Apr-2023,,,,,,,,,,,,,,,,,,,,,2023-04-27,RECLTD,8000.0,9.090909090909083,13.636363636363624,8800.0,10000.0,9600.0,1200.0,800.0,True
115784,OPTSTK,HINDPETRO,27-Apr-2023,247.5,CE,1.05,3.4,6.85,1.95,3.8,250.6,,46.0,312.9,56700.0,-64800.0,,27-Apr-2023,,,,,,,,,,,,,,,,,,,,,2023-04-27,HINDPETRO,2700.0,261.90476190476187,223.80952380952377,2835.0,9180.0,10260.0,6345.0,7425.0,True
115818,OPTSTK,MANAPPURAM,27-Apr-2023,127.0,CE,1.3,1.7,1.75,0.85,0.85,127.9,,16.0,123.33,144000.0,-60000.0,,27-Apr-2023,,,,,,,,,,,,,,,,,,,,,2023-04-27,MANAPPURAM,6000.0,-34.61538461538461,30.76923076923077,7800.0,10200.0,5100.0,2400.0,-2700.0,True
117182,OPTSTK,AARTIIND,27-Apr-2023,545.0,PE,1.5,2.5,2.95,0.05,1.95,553.95,,20.0,92.86,13600.0,-1700.0,,27-Apr-2023,,,,,,,,,,,,,,,,,,,,,2023-04-27,AARTIIND,1000.0,30.000000000000004,66.66666666666667,1500.0,2500.0,1950.0,1000.0,450.0,True
117303,OPTSTK,BAJAJ-AUTO,27-Apr-2023,4180.0,PE,1.4,1.95,1.95,0.05,0.1,4408.2,,164.0,1713.93,18250.0,-25500.0,,27-Apr-2023,,,,,,,,,,,,,,,,,,,,,2023-04-27,BAJAJ-AUTO,250.0,-92.85714285714286,39.2857142857143,350.0,487.5,25.0,137.5,-325.0,True
117708,OPTSTK,BHEL,27-Apr-2023,79.0,PE,1.35,1.85,1.85,1.8,1.8,77.3,,7.0,59.41,94500.0,-21000.0,,27-Apr-2023,,,,,,,,,,,,,,,,,,,,,2023-04-27,BHEL,10500.0,33.33333333333333,37.037037037037024,14175.000000000002,19425.0,18900.0,5249.999999999998,4724.999999999998,True
119231,OPTSTK,TATASTEEL,27-Apr-2023,108.0,PE,1.3,1.4,1.65,0.15,0.35,107.65,,155.0,926.82,2304500.0,-484000.0,,27-Apr-2023,,,,,,,,,,,,,,,,,,,,,2023-04-27,TATASTEEL,5500.0,-73.07692307692308,7.692307692307687,7150.0,7699.999999999999,1924.9999999999998,549.9999999999991,-5225.0,True
119550,OPTSTK,PFC,27-Apr-2023,164.0,CE,1.45,2.0,2.0,0.3,1.0,164.85,,48.0,490.46,99200.0,-136400.0,,27-Apr-2023,,,,,,,,,,,,,,,,,,,,,2023-04-27,PFC,6200.0,-31.034482758620683,37.93103448275863,8990.0,12400.0,6200.0,3410.0,-2790.0,True
120018,OPTSTK,IRCTC,27-Apr-2023,600.0,PE,1.5,1.9,1.9,0.05,0.05,606.1,,644.0,3383.86,336000.0,-158375.0,,27-Apr-2023,,,,,,,,,,,,,,,,,,,,,2023-04-27,IRCTC,875.0,-96.66666666666667,26.66666666666666,1312.5,1662.5,43.75,350.0,-1268.75,True
122111,OPTSTK,RELIANCE,27-Apr-2023,2400.0,CE,1.2,2.1,2.1,0.05,0.05,2377.05,,17401.0,104427.01,2121000.0,-1233000.0,,27-Apr-2023,,,,,,,,,,,,,,,,,,,,,2023-04-27,RELIANCE,250.0,-95.83333333333334,75.00000000000003,300.0,525.0,12.5,225.0,-287.5,True
122599,OPTSTK,BERGEPAINT,27-Apr-2023,595.0,PE,0.7,0.8,0.9,0.05,0.2,602.6,,9.0,58.95,12100.0,0.0,,27-Apr-2023,,,,,,,,,,,,,,,,,,,,,2023-04-27,BERGEPAINT,1100.0,-71.42857142857142,14.285714285714302,770.0,880.0,220.0,110.0,-550.0,True
125011,OPTSTK,BANKBARODA,27-Apr-2023,182.5,CE,1.5,2.1,3.75,1.3,3.35,185.75,,214.0,2312.11,397800.0,-485550.0,,27-Apr-2023,,,,,,,,,,,,,,,,,,,,,2023-04-27,BANKBARODA,5850.0,123.33333333333334,40.000000000000014,8775.0,12285.0,19597.5,3510.0,10822.5,True
125366,OPTSTK,ZEEL,27-Apr-2023,190.0,PE,1.1,1.25,5.15,0.6,4.35,186.15,,476.0,2747.94,591000.0,-936000.0,,27-Apr-2023,,,,,,,,,,,,,,,,,,,,,2023-04-27,ZEEL,3000.0,295.4545454545454,13.636363636363624,3300.0000000000005,3750.0,13049.999999999998,449.99999999999955,9749.999999999998,True
125843,OPTSTK,BEL,27-Apr-2023,102.0,PE,0.85,0.95,1.05,0.35,0.75,101.45,,51.0,298.31,228000.0,-153900.0,,27-Apr-2023,,,,,,,,,,,,,,,,,,,,,2023-04-27,BEL,5700.0,-11.764705882352944,11.764705882352944,4845.0,5415.0,4275.0,570.0,-570.0,True
125858,OPTSTK,OBEROIRLTY,27-Apr-2023,930.0,CE,1.25,1.3,1.95,0.15,0.25,914.95,,73.0,475.77,20300.0,-23100.0,,27-Apr-2023,,,,,,,,,,,,,,,,,,,,,2023-04-27,OBEROIRLTY,700.0,-80.0,4.0000000000000036,875.0,910.0,175.0,35.0,-700.0,True
126009,OPTSTK,COFORGE,27-Apr-2023,4250.0,CE,1.35,1.8,1.8,0.05,0.15,4051.25,,820.0,5228.1,26400.0,-42000.0,,27-Apr-2023,,,,,,,,,,,,,,,,,,,,,2023-04-27,COFORGE,150.0,-88.88888888888889,33.33333333333333,202.5,270.0,22.5,67.5,-180.0,True
126712,OPTSTK,FEDERALBNK,27-Apr-2023,136.0,PE,1.45,2.0,2.1,1.2,1.2,133.95,,4.0,27.52,85000.0,-5000.0,,27-Apr-2023,,,,,,,,,,,,,,,,,,,,,2023-04-27,FEDERALBNK,5000.0,-17.24137931034483,37.93103448275863,7250.0,10000.0,6000.0,2750.0,-1250.0,True
127412,OPTSTK,JSWSTEEL,27-Apr-2023,720.0,PE,1.5,1.65,1.75,0.05,0.15,732.1,,376.0,3657.05,201150.0,-98550.0,,27-Apr-2023,,,,,,,,,,,,,,,,,,,,,2023-04-27,JSWSTEEL,1350.0,-90.0,9.999999999999986,2025.0,2227.5,202.5,202.5,-1822.5,True
129114,OPTSTK,HDFC,27-Apr-2023,2720.0,PE,0.95,1.0,1.1,0.05,0.05,2772.9,,224.0,1828.18,32400.0,-17700.0,,27-Apr-2023,,,,,,,,,,,,,,,,,,,,,2023-04-27,,,-94.73684210526315,5.263157894736836,,,,,,True
129438,OPTSTK,GLENMARK,27-Apr-2023,530.0,CE,0.75,0.9,22.0,0.75,21.3,551.15,,296.0,2298.5,72500.0,-63800.0,,27-Apr-2023,,,,,,,,,,,,,,,,,,,,,2023-04-27,GLENMARK,1450.0,2740.0,19.999999999999996,1087.5,1305.0,30885.0,217.5,29797.5,True
129526,OPTSTK,ZEEL,27-Apr-2023,187.5,CE,1.15,3.0,3.75,0.05,0.15,186.15,,28.0,158.09,105000.0,-6000.0,,27-Apr-2023,,,,,,,,,,,,,,,,,,,,,2023-04-27,ZEEL,3000.0,-86.95652173913044,160.8695652173913,3449.9999999999995,9000.0,450.0,5550.0,-2999.9999999999995,True
130246,OPTSTK,FEDERALBNK,27-Apr-2023,134.0,CE,0.85,1.15,1.2,0.05,0.2,133.95,,220.0,1480.47,445000.0,-255000.0,,27-Apr-2023,,,,,,,,,,,,,,,,,,,,,2023-04-27,FEDERALBNK,5000.0,-76.47058823529412,35.29411764705881,4250.0,5750.0,1000.0,1500.0,-3250.0,True
130655,OPTSTK,IDEA,27-Apr-2023,6.0,CE,0.6,0.65,1.0,0.65,0.9,6.9,,175.0,839.51,11130000.0,-3570000.0,,27-Apr-2023,,,,,,,,,,,,,,,,,,,,,2023-04-27,IDEA,80000.0,50.0,8.333333333333348,48000.0,52000.0,72000.0,4000.0,24000.0,True
130849,OPTSTK,ASHOKLEY,27-Apr-2023,140.0,CE,1.1,1.2,2.1,0.95,1.8,142.2,,471.0,3337.24,1370000.0,-720000.0,,27-Apr-2023,,,,,,,,,,,,,,,,,,,,,2023-04-27,ASHOKLEY,5000.0,63.636363636363626,9.090909090909083,5500.0,6000.0,9000.0,500.0,3500.0,True
132499,OPTSTK,SBILIFE,27-Apr-2023,1150.0,CE,0.95,1.4,1.4,0.05,0.05,1137.05,,752.0,6488.23,614250.0,-66000.0,,27-Apr-2023,,,,,,,,,,,,,,,,,,,,,2023-04-27,SBILIFE,750.0,-94.73684210526315,47.36842105263157,712.5,1050.0,37.5,337.5,-675.0,True
132619,OPTSTK,IEX,27-Apr-2023,152.5,PE,1.0,1.35,1.8,0.05,0.1,152.2,,113.0,650.67,165000.0,-206250.0,,27-Apr-2023,,,,,,,,,,,,,,,,,,,,,2023-04-27,IEX,3750.0,-90.0,35.00000000000001,3750.0,5062.5,375.0,1312.5,-3375.0,True
132985,OPTSTK,INTELLECT,27-Apr-2023,420.0,PE,1.1,5.0,5.0,0.2,0.45,439.25,,16.0,67.38,28000.0,1000.0,,27-Apr-2023,,,,,,,,,,,,,,,,,,,,,2023-04-27,,,-59.09090909090909,354.5454545454545,,,,,,True
132994,OPTSTK,TRENT,27-Apr-2023,1420.0,CE,1.3,1.75,1.75,0.05,0.05,1382.2,,95.0,539.68,62400.0,-12400.0,,27-Apr-2023,,,,,,,,,,,,,,,,,,,,,2023-04-27,TRENT,400.0,-96.15384615384616,34.615384615384606,520.0,700.0,20.0,180.0,-500.0,True
133020,OPTSTK,GAIL,27-Apr-2023,111.0,PE,1.45,1.8,1.8,1.8,1.8,109.3,,1.0,10.32,146400.0,-9150.0,,27-Apr-2023,,,,,,,,,,,,,,,,,,,,,2023-04-27,GAIL,9150.0,24.13793103448276,24.13793103448276,13267.5,16470.0,16470.0,3202.5,3202.5,True
133310,OPTSTK,RBLBANK,27-Apr-2023,152.5,CE,1.4,1.7,9.5,1.7,9.5,159.35,,69.0,541.66,320000.0,-155000.0,,27-Apr-2023,,,,,,,,,,,,,,,,,,,,,2023-04-27,RBLBANK,5000.0,578.5714285714287,21.42857142857144,7000.0,8500.0,47500.0,1500.0,40500.0,True
133567,OPTSTK,RECLTD,27-Apr-2023,123.75,CE,1.1,1.45,1.45,1.05,1.05,125.1,,3.0,30.01,216000.0,-16000.0,,27-Apr-2023,,,,,,,,,,,,,,,,,,,,,2023-04-27,RECLTD,8000.0,-4.545454545454552,31.818181818181813,8800.0,11600.0,8400.0,2800.0,-400.0,True
133817,OPTSTK,DEEPAKNTR,27-Apr-2023,1760.0,PE,0.8,1.0,1.05,0.05,0.1,1861.05,,69.0,303.69,24250.0,-750.0,,27-Apr-2023,,,,,,,,,,,,,,,,,,,,,2023-04-27,DEEPAKNTR,300.0,-87.5,25.0,240.0,300.0,30.0,60.0,-210.0,True
135894,OPTSTK,ICICIPRULI,27-Apr-2023,425.0,PE,1.35,1.8,4.0,0.25,1.2,424.45,,237.0,1518.62,54000.0,-94500.0,,27-Apr-2023,,,,,,,,,,,,,,,,,,,,,2023-04-27,ICICIPRULI,1500.0,-11.111111111111116,33.33333333333333,2025.0000000000002,2700.0,1800.0,674.9999999999998,-225.00000000000023,True
136219,OPTSTK,BATAINDIA,27-Apr-2023,1450.0,PE,1.2,1.4,1.4,0.05,0.15,1475.65,,52.0,207.43,9350.0,-5225.0,,27-Apr-2023,,,,,,,,,,,,,,,,,,,,,2023-04-27,BATAINDIA,375.0,-87.5,16.666666666666675,450.0,525.0,56.25,75.0,-393.75,True
136278,OPTSTK,CUMMINSIND,27-Apr-2023,1600.0,CE,0.85,1.0,4.5,0.05,0.1,1566.4,,411.0,3951.49,57600.0,-56400.0,,27-Apr-2023,,,,,,,,,,,,,,,,,,,,,2023-04-27,CUMMINSIND,600.0,-88.23529411764706,17.647058823529417,510.0,600.0,60.0,90.0,-450.0,True
136325,OPTSTK,INDUSINDBK,27-Apr-2023,1120.0,PE,1.05,1.4,1.4,0.05,0.1,1144.75,,1049.0,5288.62,219150.0,-238050.0,,27-Apr-2023,,,,,,,,,,,,,,,,,,,,,2023-04-27,INDUSINDBK,500.0,-90.47619047619048,33.33333333333333,525.0,700.0,50.0,175.0,-475.0,True
137321,OPTSTK,IOC,27-Apr-2023,77.0,CE,1.45,2.05,3.7,1.9,3.7,80.45,,8.0,62.18,292500.0,0.0,,27-Apr-2023,,,,,,,,,,,,,,,,,,,,,2023-04-27,IOC,9750.0,155.17241379310346,41.37931034482758,14137.5,19987.5,36075.0,5850.0,21937.5,True
137481,OPTSTK,GRASIM,27-Apr-2023,1660.0,PE,0.8,1.8,2.55,0.05,0.4,1701.4,,52.0,410.21,38950.0,-7125.0,,27-Apr-2023,,,,,,,,,,,,,,,,,,,,,2023-04-27,GRASIM,475.0,-50.0,125.0,380.0,855.0,190.0,475.0,-190.0,True
138074,OPTSTK,ACC,27-Apr-2023,1680.0,PE,0.65,1.0,1.25,0.1,0.4,1750.65,,119.0,499.93,15750.0,-1250.0,,27-Apr-2023,,,,,,,,,,,,,,,,,,,,,2023-04-27,ACC,300.0,-38.46153846153846,53.84615384615383,195.0,300.0,120.0,105.0,-75.0,True
139240,OPTSTK,NMDC,27-Apr-2023,107.5,CE,1.25,1.45,1.45,1.05,1.05,108.6,,13.0,63.69,81000.0,-22500.0,,27-Apr-2023,,,,,,,,,,,,,,,,,,,,,2023-04-27,NMDC,4500.0,-15.999999999999993,15.999999999999993,5625.0,6525.0,4725.0,900.0,-900.0,True
139266,OPTSTK,CUB,27-Apr-2023,135.0,CE,1.1,9.05,9.75,3.35,4.8,139.7,,1382.0,9703.44,415000.0,-2665000.0,,27-Apr-2023,,,,,,,,,,,,,,,,,,,,,2023-04-27,CUB,5000.0,336.3636363636363,722.7272727272726,5500.0,45250.0,24000.0,39750.0,18500.0,True
139279,OPTSTK,ONGC,27-Apr-2023,161.0,PE,0.85,1.3,2.05,0.85,2.05,160.05,,28.0,174.74,369600.0,-61600.0,,27-Apr-2023,,,,,,,,,,,,,,,,,,,,,2023-04-27,ONGC,3850.0,141.17647058823528,52.941176470588246,3272.5,5005.0,7892.499999999999,1732.5,4619.999999999999,True
139472,OPTSTK,TATACONSUM,27-Apr-2023,755.0,CE,0.9,0.95,2.1,0.05,0.05,754.0,,331.0,2251.77,29700.0,-42300.0,,27-Apr-2023,,,,,,,,,,,,,,,,,,,,,2023-04-27,TATACONSUM,900.0,-94.44444444444444,5.555555555555558,810.0,855.0,45.0,45.0,-765.0,True
139844,OPTSTK,HINDCOPPER,27-Apr-2023,97.5,CE,1.5,2.5,2.5,2.25,2.35,99.85,,3.0,14.38,230400.0,0.0,,27-Apr-2023,,,,,,,,,,,,,,,,,,,,,2023-04-27,HINDCOPPER,5300.0,56.666666666666664,66.66666666666667,7950.0,13250.0,12455.0,5300.0,4505.0,True
140564,OPTSTK,SUNTV,27-Apr-2023,425.0,CE,1.15,1.8,4.3,0.6,1.3,428.0,,52.0,333.33,7500.0,-34500.0,,27-Apr-2023,,,,,,,,,,,,,,,,,,,,,2023-04-27,SUNTV,1500.0,13.043478260869579,56.52173913043479,1724.9999999999998,2700.0,1950.0,975.0000000000002,225.00000000000023,True
140567,OPTSTK,EICHERMOT,27-Apr-2023,3350.0,CE,1.0,1.2,1.2,0.05,0.05,3263.55,,538.0,3154.11,78225.0,-26775.0,,27-Apr-2023,,,,,,,,,,,,,,,,,,,,,2023-04-27,EICHERMOT,175.0,-95.0,19.999999999999996,175.0,210.0,8.75,35.0,-166.25,True
140799,OPTSTK,HAL,27-Apr-2023,2920.0,CE,1.2,2.1,2.1,0.05,0.1,2838.95,,87.0,762.18,20100.0,-15600.0,,27-Apr-2023,,,,,,,,,,,,,,,,,,,,,2023-04-27,HAL,300.0,-91.66666666666666,75.00000000000003,360.0,630.0,30.0,270.0,-330.0,True
141178,OPTSTK,BANDHANBNK,27-Apr-2023,225.0,CE,1.1,1.5,3.5,0.7,1.6,226.85,,1285.0,5240.29,396000.0,-471600.0,,27-Apr-2023,,,,,,,,,,,,,,,,,,,,,2023-04-27,BANDHANBNK,2500.0,45.45454545454546,36.36363636363635,2750.0,3750.0,4000.0,1000.0,1250.0,True
141427,OPTSTK,COALINDIA,27-Apr-2023,229.75,CE,0.6,0.95,1.25,0.5,0.95,231.75,,13.0,125.89,138600.0,-12600.0,,27-Apr-2023,,,,,,,,,,,,,,,,,,,,,2023-04-27,COALINDIA,4200.0,58.33333333333333,58.33333333333333,2520.0,3990.0,3990.0,1470.0,1470.0,True
141992,OPTSTK,BSOFT,27-Apr-2023,265.0,PE,1.0,1.7,1.7,0.05,0.1,271.2,,84.0,445.69,106000.0,-22000.0,,27-Apr-2023,,,,,,,,,,,,,,,,,,,,,2023-04-27,BSOFT,2000.0,-90.0,70.0,2000.0,3400.0,200.0,1400.0,-1800.0,True
143153,OPTSTK,ESCORTS,27-Apr-2023,1940.0,PE,1.0,1.8,12.0,0.7,5.0,1939.4,,91.0,486.2,12100.0,-3575.0,,27-Apr-2023,,,,,,,,,,,,,,,,,,,,,2023-04-27,ESCORTS,275.0,400.0,80.0,275.0,495.0,1375.0,220.0,1100.0,True
143793,OPTSTK,OFSS,27-Apr-2023,3200.0,PE,0.65,1.5,3.65,0.05,0.5,3500.1,,40.0,256.06,13600.0,-1200.0,,27-Apr-2023,,,,,,,,,,,,,,,,,,,,,2023-04-27,OFSS,200.0,-23.076923076923084,130.76923076923075,130.0,300.0,100.0,170.0,-30.0,True
144796,OPTSTK,ACC,27-Apr-2023,1800.0,CE,1.0,1.05,1.05,0.05,0.2,1750.65,,513.0,2309.04,60000.0,-70750.0,,27-Apr-2023,,,,,,,,,,,,,,,,,,,,,2023-04-27,ACC,300.0,-80.0,5.000000000000004,300.0,315.0,60.0,15.0,-240.0,True
145019,OPTSTK,INDUSTOWER,27-Apr-2023,147.5,CE,1.35,1.5,1.9,0.05,0.1,144.85,,812.0,3365.37,266000.0,-89600.0,,27-Apr-2023,,,,,,,,,,,,,,,,,,,,,2023-04-27,INDUSTOWER,3400.0,-92.5925925925926,11.111111111111093,4590.0,5100.0,340.0,510.0,-4250.0,True
145891,OPTSTK,MOTHERSON,27-Apr-2023,71.0,CE,0.9,1.1,1.75,1.0,1.75,72.5,,54.0,264.04,357750.0,-202500.0,,27-Apr-2023,,,,,,,,,,,,,,,,,,,,,2023-04-27,MOTHERSON,7100.0,94.44444444444444,22.222222222222232,6390.0,7810.000000000001,12425.0,1420.000000000001,6035.0,True
146808,OPTSTK,DELTACORP,27-Apr-2023,200.0,CE,1.05,1.1,1.45,0.05,0.05,197.9,,284.0,1593.7,378000.0,-232400.0,,27-Apr-2023,,,,,,,,,,,,,,,,,,,,,2023-04-27,DELTACORP,2800.0,-95.23809523809523,4.761904761904767,2940.0,3080.0000000000005,140.0,140.00000000000045,-2800.0,True
146919,OPTSTK,DRREDDY,27-Apr-2023,4700.0,PE,1.2,4.0,4.0,0.05,0.05,4919.1,,587.0,3448.82,56250.0,-26125.0,,27-Apr-2023,,,,,,,,,,,,,,,,,,,,,2023-04-27,DRREDDY,125.0,-95.83333333333334,233.33333333333334,150.0,500.0,6.25,350.0,-143.75,True
148188,OPTSTK,CIPLA,27-Apr-2023,920.0,CE,1.0,1.25,1.25,0.05,0.05,913.95,,571.0,3415.05,371150.0,-54600.0,,27-Apr-2023,,,,,,,,,,,,,,,,,,,,,2023-04-27,CIPLA,650.0,-95.0,25.0,650.0,812.5,32.5,162.5,-617.5,True
148871,OPTSTK,ABCAPITAL,27-Apr-2023,162.5,CE,1.05,1.2,1.25,0.05,0.2,161.85,,246.0,2166.55,151200.0,-545400.0,,27-Apr-2023,,,,,,,,,,,,,,,,,,,,,2023-04-27,ABCAPITAL,5400.0,-80.95238095238095,14.28571428571428,5670.0,6480.0,1080.0,810.0,-4590.0,True
149744,OPTSTK,GODREJCP,27-Apr-2023,960.0,PE,0.75,6.0,16.2,4.5,11.0,953.6,,148.0,1436.29,57000.0,-52000.0,,27-Apr-2023,,,,,,,,,,,,,,,,,,,,,2023-04-27,GODREJCP,1000.0,1366.6666666666665,700.0,750.0,6000.0,11000.0,5250.0,10250.0,True
149770,OPTSTK,GMRINFRA,27-Apr-2023,44.0,CE,0.95,1.0,2.05,1.0,1.1,45.1,,55.0,563.41,1170000.0,-810000.0,,27-Apr-2023,,,,,,,,,,,,,,,,,,,,,2023-04-27,GMRINFRA,22500.0,15.789473684210531,5.263157894736836,21375.0,22500.0,24750.000000000004,1125.0,3375.0000000000036,True
150105,OPTSTK,VEDL,27-Apr-2023,275.0,PE,0.65,0.9,0.9,0.05,0.1,276.1,,562.0,3093.43,282000.0,-464000.0,,27-Apr-2023,,,,,,,,,,,,,,,,,,,,,2023-04-27,VEDL,2000.0,-84.61538461538461,38.46153846153846,1300.0,1800.0,200.0,500.0,-1100.0,True
150607,OPTSTK,L&TFH,27-Apr-2023,91.0,PE,0.75,0.8,2.0,0.15,0.9,90.85,,11.0,90.17,98164.0,-26772.0,,27-Apr-2023,,,,,,,,,,,,,,,,,,,,,2023-04-27,L&TFH,8924.0,19.999999999999996,6.666666666666665,6693.0,7139.200000000001,8031.6,446.2000000000007,1338.6000000000004,True
151467,OPTSTK,CANBK,27-Apr-2023,310.0,PE,1.45,1.6,2.95,0.8,1.3,309.0,,373.0,3139.22,745200.0,-270000.0,,27-Apr-2023,,,,,,,,,,,,,,,,,,,,,2023-04-27,CANBK,2700.0,-10.344827586206895,10.344827586206895,3915.0,4320.0,3510.0,405.0,-405.0,True
151711,OPTSTK,L&TFH,27-Apr-2023,89.0,CE,1.5,1.7,2.55,1.0,2.15,90.85,,16.0,129.16,276644.0,-80316.0,,27-Apr-2023,,,,,,,,,,,,,,,,,,,,,2023-04-27,L&TFH,8924.0,43.333333333333336,13.33333333333333,13386.0,15170.8,19186.6,1784.7999999999993,5800.5999999999985,True
152557,OPTSTK,APOLLOTYRE,27-Apr-2023,335.0,CE,1.2,1.55,8.5,0.6,6.9,341.45,,246.0,2908.07,115500.0,-367500.0,,27-Apr-2023,,,,,,,,,,,,,,,,,,,,,2023-04-27,APOLLOTYRE,1700.0,475.0000000000001,29.166666666666675,2040.0,2635.0,11730.0,595.0,9690.0,True
153666,OPTSTK,AUROPHARMA,27-Apr-2023,620.0,CE,1.15,1.4,2.55,0.05,0.05,617.45,,611.0,3792.87,114000.0,-29000.0,,27-Apr-2023,,,,,,,,,,,,,,,,,,,,,2023-04-27,AUROPHARMA,1100.0,-95.65217391304348,21.739130434782616,1265.0,1540.0,55.0,275.0,-1210.0,True
154361,OPTSTK,APOLLOHOSP,27-Apr-2023,4250.0,PE,0.9,1.45,1.5,0.05,0.35,4417.35,,195.0,1035.98,46250.0,-10000.0,,27-Apr-2023,,,,,,,,,,,,,,,,,,,,,2023-04-27,APOLLOHOSP,125.0,-61.111111111111114,61.11111111111109,112.5,181.25,43.75,68.75,-68.75,True
156344,OPTSTK,PVR,27-Apr-2023,1400.0,PE,1.1,2.0,2.0,0.05,0.05,1458.8,,178.0,1014.57,49247.0,-26048.0,,27-Apr-2023,,,,,,,,,,,,,,,,,,,,,2023-04-27,,,-95.45454545454545,81.81818181818181,,,,,,True
156640,OPTSTK,SRF,27-Apr-2023,2460.0,PE,1.1,1.3,1.85,0.1,0.35,2495.5,,65.0,599.76,19125.0,-9375.0,,27-Apr-2023,,,,,,,,,,,,,,,,,,,,,2023-04-27,SRF,375.0,-68.18181818181819,18.181818181818166,412.50000000000006,487.5,131.25,74.99999999999994,-281.25000000000006,True
156742,OPTSTK,ABFRL,27-Apr-2023,220.0,CE,0.85,0.9,1.75,0.05,0.05,219.6,,243.0,1396.46,189800.0,-182000.0,,27-Apr-2023,,,,,,,,,,,,,,,,,,,,,2023-04-27,ABFRL,2600.0,-94.11764705882352,5.882352941176472,2210.0,2340.0,130.0,130.0,-2080.0,True
157153,OPTSTK,JINDALSTEL,27-Apr-2023,560.0,PE,0.5,1.0,1.0,0.05,0.05,579.45,,148.0,1036.33,188750.0,-60000.0,,27-Apr-2023,,,,,,,,,,,,,,,,,,,,,2023-04-27,JINDALSTEL,1250.0,-90.0,100.0,625.0,1250.0,62.5,625.0,-562.5,True
157577,OPTSTK,BPCL,27-Apr-2023,350.0,CE,0.9,1.1,5.9,1.1,4.75,355.65,,1007.0,6392.48,259200.0,-867600.0,,27-Apr-2023,,,,,,,,,,,,,,,,,,,,,2023-04-27,BPCL,1800.0,427.77777777777777,22.222222222222232,1620.0,1980.0000000000002,8550.0,360.0000000000002,6930.0,True
158074,OPTSTK,ZEEL,29-Mar-2023,210.0,CE,1.15,1.75,9.5,0.7,5.7,216.05,,1729.0,11134.78,369000.0,-1473000.0,,29-Mar-2023,,,,,,,,,,,,,,,,,,,,,2023-03-29,ZEEL,3000.0,395.65217391304355,52.17391304347827,3449.9999999999995,5250.0,17100.0,1800.0000000000005,13650.0,True
159027,OPTSTK,IDFC,29-Mar-2023,77.0,CE,0.85,1.05,2.35,0.35,2.2,78.9,,15.0,117.17,280000.0,-100000.0,,29-Mar-2023,,,,,,,,,,,,,,,,,,,,,2023-03-29,IDFC,10000.0,158.82352941176472,23.529411764705888,8500.0,10500.0,22000.0,2000.0,13500.0,True
162021,OPTSTK,VEDL,29-Mar-2023,277.5,CE,1.1,1.5,5.1,0.5,4.3,281.75,,516.0,2880.88,142000.0,-302000.0,,29-Mar-2023,,,,,,,,,,,,,,,,,,,,,2023-03-29,VEDL,2000.0,290.9090909090909,36.36363636363635,2200.0,3000.0,8600.0,800.0,6400.0,True
162327,OPTSTK,DABUR,29-Mar-2023,530.0,PE,1.15,1.55,2.4,0.05,0.15,535.65,,73.0,484.48,63750.0,-40000.0,,29-Mar-2023,,,,,,,,,,,,,,,,,,,,,2023-03-29,DABUR,1250.0,-86.95652173913044,34.78260869565219,1437.5,1937.5,187.5,500.0,-1250.0,True
162597,OPTSTK,IGL,29-Mar-2023,445.0,CE,1.2,1.3,1.3,0.05,0.05,437.8,,203.0,1243.29,111375.0,-74250.0,,29-Mar-2023,,,,,,,,,,,,,,,,,,,,,2023-03-29,IGL,1375.0,-95.83333333333334,8.333333333333348,1650.0,1787.5,68.75,137.5,-1581.25,True
162731,OPTSTK,VOLTAS,29-Mar-2023,800.0,PE,0.9,1.45,1.45,0.05,0.05,811.55,,347.0,1666.21,105600.0,-107400.0,,29-Mar-2023,,,,,,,,,,,,,,,,,,,,,2023-03-29,VOLTAS,600.0,-94.44444444444444,61.11111111111109,540.0,870.0,30.0,330.0,-510.0,True
162871,OPTSTK,UPL,29-Mar-2023,720.0,CE,0.95,1.2,1.65,0.05,0.05,707.4,,847.0,7931.35,570700.0,-353600.0,,29-Mar-2023,,,,,,,,,,,,,,,,,,,,,2023-03-29,UPL,1300.0,-94.73684210526315,26.315789473684205,1235.0,1560.0,65.0,325.0,-1170.0,True
163794,OPTSTK,PEL,29-Mar-2023,660.0,CE,0.9,0.95,8.8,0.1,3.05,665.1,,1919.0,6989.18,31350.0,-266750.0,,29-Mar-2023,,,,,,,,,,,,,,,,,,,,,2023-03-29,PEL,750.0,238.88888888888883,5.555555555555558,675.0,712.5,2287.5,37.5,1612.5,True
164295,OPTSTK,DALBHARAT,29-Mar-2023,1900.0,CE,1.3,6.0,34.1,1.5,30.05,1928.75,,156.0,1492.35,17000.0,-24500.0,,29-Mar-2023,,,,,,,,,,,,,,,,,,,,,2023-03-29,DALBHARAT,500.0,2211.538461538462,361.5384615384615,650.0,3000.0,15025.0,2350.0,14375.0,True
164825,OPTSTK,DRREDDY,29-Mar-2023,4300.0,PE,1.25,1.85,1.85,0.05,0.1,4567.8,,185.0,994.43,26000.0,-2625.0,,29-Mar-2023,,,,,,,,,,,,,,,,,,,,,2023-03-29,DRREDDY,125.0,-92.0,48.0,156.25,231.25,12.5,75.0,-143.75,True
165443,OPTSTK,DELTACORP,29-Mar-2023,175.0,PE,1.25,1.35,2.35,0.1,0.1,177.75,,201.0,990.74,42000.0,-221200.0,,29-Mar-2023,,,,,,,,,,,,,,,,,,,,,2023-03-29,DELTACORP,2800.0,-92.0,8.000000000000007,3500.0,3780.0000000000005,280.0,280.00000000000045,-3220.0,True
165569,OPTSTK,IBULHSGFIN,29-Mar-2023,92.5,CE,1.3,2.75,2.75,2.75,2.75,96.25,,1.0,3.81,40000.0,0.0,,29-Mar-2023,,,,,,,,,,,,,,,,,,,,,2023-03-29,IBULHSGFIN,5100.0,111.53846153846155,111.53846153846155,6630.0,14025.0,14025.0,7395.0,7395.0,True
166466,OPTSTK,IDFCFIRSTB,29-Mar-2023,54.0,PE,1.3,1.35,1.35,0.05,0.1,54.5,,175.0,1432.26,1815000.0,-1305000.0,,29-Mar-2023,,,,,,,,,,,,,,,,,,,,,2023-03-29,IDFCFIRSTB,15000.0,-92.3076923076923,3.8461538461538547,19500.0,20250.0,1500.0,750.0,-18000.0,True
167419,OPTSTK,IDFCFIRSTB,29-Mar-2023,52.0,CE,0.95,1.0,2.35,1.0,2.35,54.5,,62.0,496.08,225000.0,-615000.0,,29-Mar-2023,,,,,,,,,,,,,,,,,,,,,2023-03-29,IDFCFIRSTB,15000.0,147.3684210526316,5.263157894736836,14250.0,15000.0,35250.0,750.0,21000.0,True
167432,OPTSTK,IOC,29-Mar-2023,76.0,CE,1.1,1.35,1.35,0.8,1.05,76.9,,43.0,322.84,214500.0,-107250.0,,29-Mar-2023,,,,,,,,,,,,,,,,,,,,,2023-03-29,IOC,9750.0,-4.545454545454552,22.72727272727273,10725.0,13162.5,10237.5,2437.5,-487.5,True
170620,OPTSTK,HINDCOPPER,29-Mar-2023,95.0,PE,0.75,0.85,0.85,0.05,0.05,96.45,,136.0,621.06,292800.0,-124800.0,,29-Mar-2023,,,,,,,,,,,,,,,,,,,,,2023-03-29,HINDCOPPER,5300.0,-93.33333333333333,13.33333333333333,3975.0,4505.0,265.0,530.0,-3710.0,True
170654,OPTSTK,ASIANPAINT,29-Mar-2023,2840.0,CE,0.95,1.1,1.1,0.05,0.15,2770.5,,581.0,3300.42,47000.0,-23000.0,,29-Mar-2023,,,,,,,,,,,,,,,,,,,,,2023-03-29,ASIANPAINT,200.0,-84.21052631578947,15.789473684210531,190.0,220.00000000000003,30.0,30.00000000000003,-160.0,True
172631,OPTSTK,POWERGRID,29-Mar-2023,222.5,CE,0.8,1.0,1.5,0.05,0.05,222.45,,287.0,1728.67,105300.0,-183600.0,,29-Mar-2023,,,,,,,,,,,,,,,,,,,,,2023-03-29,POWERGRID,2700.0,-93.75,25.0,2160.0,2700.0,135.0,540.0,-2025.0,True
173134,OPTSTK,BANDHANBNK,29-Mar-2023,185.0,PE,1.25,1.7,1.9,0.05,0.05,189.9,,914.0,3051.94,396000.0,-262800.0,,29-Mar-2023,,,,,,,,,,,,,,,,,,,,,2023-03-29,BANDHANBNK,2500.0,-96.0,35.999999999999986,3125.0,4250.0,125.0,1125.0,-3000.0,True
173292,OPTSTK,PETRONET,29-Mar-2023,225.0,CE,0.85,1.0,1.1,0.1,0.15,224.55,,76.0,514.02,120000.0,-84000.0,,29-Mar-2023,,,,,,,,,,,,,,,,,,,,,2023-03-29,PETRONET,3000.0,-82.35294117647058,17.647058823529417,2550.0,3000.0,450.0,450.0,-2100.0,True
173441,OPTSTK,HDFCBANK,29-Mar-2023,1600.0,CE,1.0,1.05,4.55,0.05,0.05,1587.8,,10227.0,90099.07,1921700.0,-1315050.0,,29-Mar-2023,,,,,,,,,,,,,,,,,,,,,2023-03-29,HDFCBANK,550.0,-95.0,5.000000000000004,550.0,577.5,27.5,27.5,-522.5,True
174414,OPTSTK,ICICIPRULI,29-Mar-2023,425.0,CE,1.05,1.5,2.65,0.25,1.45,426.5,,178.0,1138.3,40500.0,-94500.0,,29-Mar-2023,,,,,,,,,,,,,,,,,,,,,2023-03-29,ICICIPRULI,1500.0,38.095238095238095,42.85714285714286,1575.0,2250.0,2175.0,675.0,600.0,True
174419,OPTSTK,L&TFH,29-Mar-2023,79.0,CE,1.15,1.25,1.65,1.05,1.05,80.8,,10.0,71.68,44620.0,8924.0,,29-Mar-2023,,,,,,,,,,,,,,,,,,,,,2023-03-29,L&TFH,8924.0,-8.695652173913038,8.69565217391306,10262.599999999999,11155.0,9370.2,892.4000000000015,-892.3999999999978,True
174422,OPTSTK,COALINDIA,29-Mar-2023,209.75,CE,0.85,0.95,1.5,0.3,1.0,212.95,,31.0,273.99,46200.0,-21000.0,,29-Mar-2023,,,,,,,,,,,,,,,,,,,,,2023-03-29,COALINDIA,4200.0,17.647058823529417,11.764705882352944,3570.0,3990.0,4200.0,420.0,630.0,True
174998,OPTSTK,CUB,29-Mar-2023,120.0,PE,0.85,0.9,0.9,0.05,0.1,122.5,,56.0,336.62,175000.0,-65000.0,,29-Mar-2023,,,,,,,,,,,,,,,,,,,,,2023-03-29,CUB,5000.0,-88.23529411764706,5.882352941176472,4250.0,4500.0,500.0,250.0,-3750.0,True
175410,OPTSTK,AXISBANK,29-Mar-2023,820.0,PE,0.95,1.0,1.0,0.05,0.1,842.6,,919.0,9045.64,309600.0,-271200.0,,29-Mar-2023,,,,,,,,,,,,,,,,,,,,,2023-03-29,AXISBANK,625.0,-89.47368421052632,5.263157894736836,593.75,625.0,62.5,31.25,-531.25,True
175726,OPTSTK,EXIDEIND,29-Mar-2023,172.5,CE,1.5,2.4,4.5,2.4,4.5,177.05,,6.0,37.91,39600.0,-10800.0,,29-Mar-2023,,,,,,,,,,,,,,,,,,,,,2023-03-29,EXIDEIND,3600.0,200.0,59.999999999999986,5400.0,8640.0,16200.0,3240.0,10800.0,True
175881,OPTSTK,RBLBANK,29-Mar-2023,135.0,PE,0.9,0.95,1.35,0.05,0.3,135.8,,474.0,3217.77,385000.0,-585000.0,,29-Mar-2023,,,,,,,,,,,,,,,,,,,,,2023-03-29,RBLBANK,5000.0,-66.66666666666667,5.555555555555558,4500.0,4750.0,1500.0,250.0,-3000.0,True
176492,OPTSTK,ITC,29-Mar-2023,380.0,CE,1.35,1.7,4.4,0.25,3.15,382.75,,3556.0,21694.03,1584000.0,-1131200.0,,29-Mar-2023,,,,,,,,,,,,,,,,,,,,,2023-03-29,ITC,1600.0,133.33333333333331,25.92592592592591,2160.0,2720.0,5040.0,560.0,2880.0,True
176905,OPTSTK,BAJAJ-AUTO,29-Mar-2023,3860.0,CE,0.85,1.35,29.1,0.5,16.15,3879.3,,457.0,4417.33,13500.0,-25750.0,,29-Mar-2023,,,,,,,,,,,,,,,,,,,,,2023-03-29,BAJAJ-AUTO,250.0,1800.0,58.82352941176472,212.5,337.5,4037.4999999999995,125.0,3824.9999999999995,True
178450,OPTSTK,MUTHOOTFIN,29-Mar-2023,1000.0,CE,0.75,0.85,0.85,0.05,0.05,974.7,,495.0,2722.8,197450.0,-142450.0,,29-Mar-2023,,,,,,,,,,,,,,,,,,,,,2023-03-29,MUTHOOTFIN,550.0,-93.33333333333333,13.33333333333333,412.5,467.5,27.5,55.0,-385.0,True
179314,OPTSTK,FEDERALBNK,29-Mar-2023,125.0,CE,1.35,1.5,3.7,1.2,3.15,129.1,,328.0,2092.89,575000.0,-835000.0,,29-Mar-2023,,,,,,,,,,,,,,,,,,,,,2023-03-29,FEDERALBNK,5000.0,133.33333333333331,11.111111111111093,6750.0,7500.0,15750.0,750.0,9000.0,True
179480,OPTSTK,BAJFINANCE,29-Mar-2023,5200.0,PE,1.3,1.6,1.6,0.1,0.25,5625.3,,585.0,3802.68,50125.0,-23000.0,,29-Mar-2023,,,,,,,,,,,,,,,,,,,,,2023-03-29,BAJFINANCE,125.0,-80.76923076923077,23.076923076923084,162.5,200.0,31.25,37.5,-131.25,True
179708,OPTSTK,L&TFH,29-Mar-2023,80.0,PE,0.75,0.9,0.9,0.05,0.1,80.8,,120.0,861.45,240948.0,-588984.0,,29-Mar-2023,,,,,,,,,,,,,,,,,,,,,2023-03-29,L&TFH,8924.0,-86.66666666666667,19.999999999999996,6693.0,8031.6,892.4000000000001,1338.6000000000004,-5800.6,True
180337,OPTSTK,FSL,29-Mar-2023,107.5,PE,0.75,0.8,4.75,0.8,3.0,104.7,,4.0,23.02,5200.0,-5200.0,,29-Mar-2023,,,,,,,,,,,,,,,,,,,,,2023-03-29,,,300.0,6.666666666666665,,,,,,True
180624,OPTSTK,LICHSGFIN,29-Mar-2023,315.0,PE,0.65,1.0,1.0,0.05,0.1,322.55,,92.0,580.21,58000.0,-94000.0,,29-Mar-2023,,,,,,,,,,,,,,,,,,,,,2023-03-29,LICHSGFIN,2000.0,-84.61538461538461,53.84615384615383,1300.0,2000.0,200.0,700.0,-1100.0,True
180685,OPTSTK,MARUTI,29-Mar-2023,8500.0,CE,1.3,1.6,1.6,0.05,0.1,8295.2,,1138.0,9673.49,79600.0,-57000.0,,29-Mar-2023,,,,,,,,,,,,,,,,,,,,,2023-03-29,MARUTI,100.0,-92.3076923076923,23.076923076923084,130.0,160.0,10.0,30.0,-120.0,True
180992,OPTSTK,GUJGASLTD,29-Mar-2023,460.0,PE,0.85,1.0,1.0,0.05,0.05,469.65,,27.0,155.31,41250.0,-20000.0,,29-Mar-2023,,,,,,,,,,,,,,,,,,,,,2023-03-29,GUJGASLTD,1250.0,-94.11764705882352,17.647058823529417,1062.5,1250.0,62.5,187.5,-1000.0,True
181170,OPTSTK,BIOCON,29-Mar-2023,202.5,PE,1.5,2.0,3.1,0.2,2.35,201.6,,127.0,598.78,197800.0,-59800.0,,29-Mar-2023,,,,,,,,,,,,,,,,,,,,,2023-03-29,BIOCON,2500.0,56.666666666666664,33.33333333333333,3750.0,5000.0,5875.0,1250.0,2125.0,True
182086,OPTSTK,GMRINFRA,29-Mar-2023,36.0,CE,1.45,2.5,2.5,2.4,2.4,39.2,,2.0,17.3,225000.0,0.0,,29-Mar-2023,,,,,,,,,,,,,,,,,,,,,2023-03-29,GMRINFRA,22500.0,65.51724137931035,72.41379310344828,32625.0,56250.0,54000.0,23625.0,21375.0,True
182185,OPTSTK,ASTRAL,29-Mar-2023,1335.0,CE,1.25,5.0,10.0,0.05,0.05,1342.7,,9.0,44.28,367.0,-734.0,,29-Mar-2023,,,,,,,,,,,,,,,,,,,,,2023-03-29,ASTRAL,367.0,-96.0,300.0,458.75,1835.0,18.35,1376.25,-440.4,True
182528,OPTSTK,BAJAJFINSV,29-Mar-2023,1260.0,CE,1.35,2.2,2.2,0.05,0.7,1246.05,,668.0,4210.7,91500.0,-124000.0,,29-Mar-2023,,,,,,,,,,,,,,,,,,,,,2023-03-29,BAJAJFINSV,500.0,-48.14814814814815,62.962962962962976,675.0,1100.0,350.0,425.0,-325.0,True
184128,OPTSTK,BALRAMCHIN,29-Mar-2023,365.0,CE,1.05,2.25,7.65,1.6,7.6,375.55,,108.0,637.61,147200.0,-19200.0,,29-Mar-2023,,,,,,,,,,,,,,,,,,,,,2023-03-29,BALRAMCHIN,1600.0,623.8095238095237,114.28571428571428,1680.0,3600.0,12160.0,1920.0,10480.0,True
184215,OPTSTK,TVSMOTOR,29-Mar-2023,1060.0,CE,1.05,1.9,19.95,0.35,17.4,1079.2,,613.0,4564.43,46200.0,-136500.0,,29-Mar-2023,,,,,,,,,,,,,,,,,,,,,2023-03-29,TVSMOTOR,700.0,1557.1428571428569,80.95238095238093,735.0,1330.0,12179.999999999998,595.0,11444.999999999998,True
184514,OPTSTK,ZYDUSLIFE,29-Mar-2023,480.0,PE,1.25,3.5,3.5,0.05,0.05,490.35,,140.0,1210.29,118800.0,-70200.0,,29-Mar-2023,,,,,,,,,,,,,,,,,,,,,2023-03-29,ZYDUSLIFE,1800.0,-96.0,179.99999999999997,2250.0,6300.0,90.0,4050.0,-2160.0,True
185569,OPTSTK,MCX,29-Mar-2023,1520.0,CE,0.6,0.8,2.55,0.2,0.25,1499.9,,571.0,3473.99,33600.0,-28000.0,,29-Mar-2023,,,,,,,,,,,,,,,,,,,,,2023-03-29,MCX,400.0,-58.33333333333333,33.33333333333335,240.0,320.0,100.0,80.0,-140.0,True
186163,OPTSTK,HEROMOTOCO,29-Mar-2023,2315.0,CE,0.5,3.0,3.0,0.2,0.2,2304.15,,22.0,152.84,2700.0,-1200.0,,29-Mar-2023,,,,,,,,,,,,,,,,,,,,,2023-03-29,HEROMOTOCO,300.0,-60.0,500.0,150.0,900.0,60.0,750.0,-90.0,True
186403,OPTSTK,NMDC,29-Mar-2023,107.5,PE,1.35,1.7,2.3,0.05,0.05,110.2,,296.0,1439.92,189000.0,-751500.0,,29-Mar-2023,,,,,,,,,,,,,,,,,,,,,2023-03-29,NMDC,4500.0,-96.2962962962963,25.92592592592591,6075.0,7650.0,225.0,1575.0,-5850.0,True
186412,OPTSTK,IEX,29-Mar-2023,127.5,PE,1.0,1.1,2.0,0.05,0.3,128.6,,181.0,869.83,127500.0,-191250.0,,29-Mar-2023,,,,,,,,,,,,,,,,,,,,,2023-03-29,IEX,3750.0,-70.0,10.000000000000009,3750.0,4125.0,1125.0,375.0,-2625.0,True
186497,OPTSTK,SBICARD,29-Mar-2023,730.0,CE,0.65,1.0,2.85,0.1,0.3,720.15,,207.0,1210.57,28000.0,-84000.0,,29-Mar-2023,,,,,,,,,,,,,,,,,,,,,2023-03-29,SBICARD,800.0,-53.846153846153854,53.84615384615383,520.0,800.0,240.0,280.0,-280.0,True
187566,OPTSTK,NATIONALUM,29-Mar-2023,77.5,PE,1.4,1.7,1.8,0.15,0.55,77.15,,74.0,435.99,382500.0,-337500.0,,29-Mar-2023,,,,,,,,,,,,,,,,,,,,,2023-03-29,NATIONALUM,7500.0,-60.71428571428571,21.42857142857144,10500.0,12750.0,4125.0,2250.0,-6375.0,True
187611,OPTSTK,CHAMBLFERT,29-Mar-2023,250.0,PE,1.25,2.0,2.3,0.05,0.1,259.1,,64.0,240.62,36000.0,-58500.0,,29-Mar-2023,,,,,,,,,,,,,,,,,,,,,2023-03-29,CHAMBLFERT,1900.0,-92.0,60.00000000000001,2375.0,3800.0,190.0,1425.0,-2185.0,True
188169,OPTSTK,FSL,29-Mar-2023,110.0,CE,0.6,1.45,1.5,0.05,0.05,104.7,,91.0,523.52,119600.0,-88400.0,,29-Mar-2023,,,,,,,,,,,,,,,,,,,,,2023-03-29,,,-91.66666666666666,141.66666666666666,,,,,,True
188260,OPTSTK,GLENMARK,29-Mar-2023,440.0,PE,0.85,1.0,1.3,0.1,0.55,445.45,,107.0,683.36,78300.0,-31900.0,,29-Mar-2023,,,,,,,,,,,,,,,,,,,,,2023-03-29,GLENMARK,1450.0,-35.29411764705882,17.647058823529417,1232.5,1450.0,797.5000000000001,217.5,-434.9999999999999,True
189044,OPTSTK,AUROPHARMA,29-Mar-2023,500.0,PE,1.0,1.45,2.0,0.05,0.2,509.65,,401.0,2007.43,179000.0,-206000.0,,29-Mar-2023,,,,,,,,,,,,,,,,,,,,,2023-03-29,AUROPHARMA,1100.0,-80.0,44.99999999999999,1100.0,1595.0,220.0,495.0,-880.0,True
189923,OPTSTK,NTPC,29-Mar-2023,170.75,CE,1.4,1.8,2.65,0.15,2.65,174.0,,32.0,313.95,319200.0,-45600.0,,29-Mar-2023,,,,,,,,,,,,,,,,,,,,,2023-03-29,NTPC,3000.0,89.2857142857143,28.57142857142858,4200.0,5400.0,7950.0,1200.0,3750.0,True
189960,OPTSTK,GAIL,29-Mar-2023,104.0,CE,0.9,0.95,2.5,0.45,1.55,105.5,,156.0,1499.64,585600.0,-759450.0,,29-Mar-2023,,,,,,,,,,,,,,,,,,,,,2023-03-29,GAIL,9150.0,72.22222222222223,5.555555555555558,8235.0,8692.5,14182.5,457.5,5947.5,True
190520,OPTSTK,M&MFIN,29-Mar-2023,225.0,CE,0.5,0.55,5.75,0.55,2.0,226.7,,384.0,3489.18,68000.0,-516000.0,,29-Mar-2023,,,,,,,,,,,,,,,,,,,,,2023-03-29,M&MFIN,4000.0,300.0,10.000000000000009,2000.0,2200.0,8000.0,200.0,6000.0,True
191471,OPTSTK,RECLTD,29-Mar-2023,115.0,PE,1.0,1.3,1.3,0.05,0.05,115.75,,165.0,1522.29,480000.0,-784000.0,,29-Mar-2023,,,,,,,,,,,,,,,,,,,,,2023-03-29,RECLTD,8000.0,-95.0,30.000000000000004,8000.0,10400.0,400.0,2400.0,-7600.0,True
191738,OPTSTK,ADANIPORTS,29-Mar-2023,560.0,PE,1.45,1.85,1.9,0.05,0.05,636.65,,1228.0,4299.56,179375.0,-232500.0,,29-Mar-2023,,,,,,,,,,,,,,,,,,,,,2023-03-29,ADANIPORTS,800.0,-96.55172413793103,27.586206896551737,1160.0,1480.0,40.0,320.0,-1120.0,True
192507,OPTSTK,COLPAL,29-Mar-2023,1480.0,PE,1.2,2.0,2.35,0.3,0.3,1495.45,,48.0,248.76,7700.0,-2450.0,,29-Mar-2023,,,,,,,,,,,,,,,,,,,,,2023-03-29,COLPAL,350.0,-75.0,66.66666666666667,420.0,700.0,105.0,280.0,-315.0,True
195348,OPTSTK,INDIGO,29-Mar-2023,1880.0,CE,1.0,1.4,1.4,0.05,0.25,1825.35,,91.0,513.31,25200.0,-7200.0,,29-Mar-2023,,,,,,,,,,,,,,,,,,,,,2023-03-29,INDIGO,300.0,-75.0,39.99999999999999,300.0,420.0,75.0,120.0,-225.0,True
195585,OPTSTK,AARTIIND,29-Mar-2023,480.0,PE,0.85,3.0,3.0,0.05,0.05,511.1,,49.0,200.02,32300.0,-31450.0,,29-Mar-2023,,,,,,,,,,,,,,,,,,,,,2023-03-29,AARTIIND,1000.0,-94.11764705882352,252.94117647058823,850.0,3000.0,50.0,2150.0,-800.0,True
198610,OPTSTK,BERGEPAINT,29-Mar-2023,580.0,CE,1.4,2.2,4.55,0.05,0.35,573.25,,215.0,1376.57,84700.0,-55000.0,,29-Mar-2023,,,,,,,,,,,,,,,,,,,,,2023-03-29,BERGEPAINT,1100.0,-75.0,57.14285714285716,1540.0,2420.0,385.0,880.0,-1155.0,True
199000,OPTSTK,NTPC,29-Mar-2023,172.5,PE,1.35,1.4,1.4,0.05,0.1,174.0,,132.0,1301.5,775200.0,-256500.0,,29-Mar-2023,,,,,,,,,,,,,,,,,,,,,2023-03-29,NTPC,3000.0,-92.5925925925926,3.703703703703698,4050.0000000000005,4200.0,300.0,149.99999999999955,-3750.0000000000005,True
199970,OPTSTK,RAIN,29-Mar-2023,145.0,PE,1.4,1.8,1.8,0.1,0.15,147.3,,68.0,346.64,147000.0,-91000.0,,29-Mar-2023,,,,,,,,,,,,,,,,,,,,,2023-03-29,,,-89.28571428571428,28.57142857142858,,,,,,True
201073,OPTSTK,RECLTD,29-Mar-2023,112.75,CE,0.95,1.85,4.65,1.85,4.65,115.75,,2.0,18.56,104000.0,0.0,,29-Mar-2023,,,,,,,,,,,,,,,,,,,,,2023-03-29,RECLTD,8000.0,389.47368421052636,94.73684210526318,7600.0,14800.0,37200.0,7200.0,29600.0,True
201526,OPTSTK,PVR,29-Mar-2023,1460.0,PE,1.4,1.5,1.5,0.05,0.05,1516.45,,112.0,665.7,21978.0,-19536.0,,29-Mar-2023,,,,,,,,,,,,,,,,,,,,,2023-03-29,,,-96.42857142857143,7.14285714285714,,,,,,True
204314,OPTSTK,TITAN,29-Mar-2023,2460.0,PE,1.35,1.9,1.9,0.05,0.05,2515.05,,374.0,3450.82,87750.0,-37125.0,,29-Mar-2023,,,,,,,,,,,,,,,,,,,,,2023-03-29,TITAN,375.0,-96.2962962962963,40.74074074074072,506.25000000000006,712.5,18.75,206.24999999999994,-487.50000000000006,True
204651,OPTSTK,HCLTECH,29-Mar-2023,1060.0,CE,1.25,2.0,9.0,0.05,5.1,1067.5,,489.0,3633.77,39200.0,-93100.0,,29-Mar-2023,,,,,,,,,,,,,,,,,,,,,2023-03-29,HCLTECH,700.0,308.0,60.00000000000001,875.0,1400.0,3569.9999999999995,525.0,2694.9999999999995,True
205622,OPTSTK,MOTHERSON,29-Mar-2023,62.0,CE,1.15,2.1,2.1,2.05,2.05,64.55,,2.0,8.65,135000.0,13500.0,,29-Mar-2023,,,,,,,,,,,,,,,,,,,,,2023-03-29,MOTHERSON,7100.0,78.26086956521738,82.60869565217392,8164.999999999999,14910.0,14554.999999999998,6745.000000000001,6389.999999999999,True
206131,OPTSTK,PIDILITIND,29-Mar-2023,2260.0,PE,0.85,3.0,3.0,0.15,0.15,2315.2,,6.0,33.91,5250.0,-1250.0,,29-Mar-2023,,,,,,,,,,,,,,,,,,,,,2023-03-29,PIDILITIND,250.0,-82.35294117647058,252.94117647058823,212.5,750.0,37.5,537.5,-175.0,True
207726,OPTSTK,AUBANK,23-Feb-2023,580.0,PE,0.7,2.7,2.7,0.05,0.1,593.4,,202.0,1172.06,78000.0,42000.0,,23-Feb-2023,,,,,,,,,,,,,,,,,,,,,2023-02-23,AUBANK,1000.0,-85.71428571428571,285.7142857142858,700.0,2700.0,100.0,2000.0,-600.0,True
208356,OPTSTK,IGL,23-Feb-2023,425.0,PE,0.85,1.0,1.0,0.05,0.05,433.2,,26.0,152.05,50875.0,-26125.0,,23-Feb-2023,,,,,,,,,,,,,,,,,,,,,2023-02-23,IGL,1375.0,-94.11764705882352,17.647058823529417,1168.75,1375.0,68.75,206.25,-1100.0,True
210027,OPTSTK,CIPLA,23-Feb-2023,940.0,PE,0.85,0.9,1.0,0.05,0.05,960.3,,194.0,1185.82,64350.0,-34450.0,,23-Feb-2023,,,,,,,,,,,,,,,,,,,,,2023-02-23,CIPLA,650.0,-94.11764705882352,5.882352941176472,552.5,585.0,32.5,32.5,-520.0,True
210066,OPTSTK,ITC,23-Feb-2023,385.0,CE,1.15,1.4,7.75,0.35,1.3,387.6,,3808.0,23657.35,1086400.0,-1908800.0,,23-Feb-2023,,,,,,,,,,,,,,,,,,,,,2023-02-23,ITC,1600.0,13.043478260869579,21.739130434782616,1839.9999999999998,2240.0,2080.0,400.0000000000002,240.00000000000023,True
213176,OPTSTK,ASHOKLEY,23-Feb-2023,142.5,PE,0.5,0.7,3.0,0.6,2.3,140.6,,288.0,2080.13,140000.0,-615000.0,,23-Feb-2023,,,,,,,,,,,,,,,,,,,,,2023-02-23,ASHOKLEY,5000.0,359.99999999999994,39.99999999999999,2500.0,3500.0,11500.0,1000.0,9000.0,True
213596,OPTSTK,BHARATFORG,23-Feb-2023,860.0,CE,0.8,1.0,1.0,0.05,0.1,830.15,,401.0,3449.35,160000.0,-159000.0,,23-Feb-2023,,,,,,,,,,,,,,,,,,,,,2023-02-23,BHARATFORG,1000.0,-87.5,25.0,800.0,1000.0,100.0,200.0,-700.0,True
213747,OPTSTK,FEDERALBNK,23-Feb-2023,124.0,CE,1.5,2.95,3.8,2.95,3.8,127.85,,3.0,19.12,15000.0,-10000.0,,23-Feb-2023,,,,,,,,,,,,,,,,,,,,,2023-02-23,FEDERALBNK,5000.0,153.33333333333331,96.66666666666669,7500.0,14750.0,19000.0,7250.0,11500.0,True
213950,OPTSTK,BEL,23-Feb-2023,96.0,PE,1.25,1.4,2.4,0.5,0.6,95.4,,168.0,931.61,273600.0,-473100.0,,23-Feb-2023,,,,,,,,,,,,,,,,,,,,,2023-02-23,BEL,5700.0,-52.0,11.99999999999999,7125.0,7979.999999999999,3420.0,854.9999999999991,-3705.0,True
214350,OPTSTK,MANAPPURAM,23-Feb-2023,103.0,CE,1.3,1.95,1.95,1.95,1.95,104.05,,1.0,6.29,18000.0,6000.0,,23-Feb-2023,,,,,,,,,,,,,,,,,,,,,2023-02-23,MANAPPURAM,6000.0,50.0,50.0,7800.0,11700.0,11700.0,3900.0,3900.0,True
214435,OPTSTK,TECHM,23-Feb-2023,1150.0,CE,1.1,1.6,6.3,0.05,0.1,1128.8,,1971.0,13616.71,142800.0,-327000.0,,23-Feb-2023,,,,,,,,,,,,,,,,,,,,,2023-02-23,TECHM,600.0,-90.9090909090909,45.45454545454546,660.0,960.0,60.0,300.0,-600.0,True
214533,OPTSTK,DELTACORP,23-Feb-2023,185.0,PE,0.55,0.7,3.8,0.15,0.3,187.0,,83.0,433.22,58800.0,-86800.0,,23-Feb-2023,,,,,,,,,,,,,,,,,,,,,2023-02-23,DELTACORP,2800.0,-45.45454545454546,27.27272727272725,1540.0000000000002,1959.9999999999998,840.0,419.99999999999955,-700.0000000000002,True
215244,OPTSTK,GAIL,23-Feb-2023,95.0,CE,1.25,2.25,4.0,1.5,3.25,98.05,,134.0,1195.82,494100.0,-539850.0,,23-Feb-2023,,,,,,,,,,,,,,,,,,,,,2023-02-23,GAIL,9150.0,160.0,80.0,11437.5,20587.5,29737.5,9150.0,18300.0,True
216275,OPTSTK,IDFC,23-Feb-2023,74.0,PE,0.85,0.9,0.9,0.05,0.1,74.35,,99.0,735.84,500000.0,-470000.0,,23-Feb-2023,,,,,,,,,,,,,,,,,,,,,2023-02-23,IDFC,10000.0,-88.23529411764706,5.882352941176472,8500.0,9000.0,1000.0,500.0,-7500.0,True
216303,OPTSTK,JINDALSTEL,23-Feb-2023,590.0,CE,1.05,1.15,2.25,0.05,0.1,580.65,,655.0,4838.91,143750.0,-188750.0,,23-Feb-2023,,,,,,,,,,,,,,,,,,,,,2023-02-23,JINDALSTEL,1250.0,-90.47619047619048,9.523809523809511,1312.5,1437.5,125.0,125.0,-1187.5,True
216310,OPTSTK,GNFC,23-Feb-2023,520.0,PE,1.2,2.0,2.2,0.05,0.25,524.5,,76.0,514.53,66300.0,-37700.0,,23-Feb-2023,,,,,,,,,,,,,,,,,,,,,2023-02-23,GNFC,1300.0,-79.16666666666666,66.66666666666667,1560.0,2600.0,325.0,1040.0,-1235.0,True
216388,OPTSTK,EXIDEIND,23-Feb-2023,172.5,PE,0.8,0.9,0.9,0.05,0.5,173.3,,61.0,379.66,25200.0,-122400.0,,23-Feb-2023,,,,,,,,,,,,,,,,,,,,,2023-02-23,EXIDEIND,3600.0,-37.5,12.5,2880.0,3240.0,1800.0,360.0,-1080.0,True
216521,OPTSTK,RECLTD,23-Feb-2023,110.75,CE,1.4,2.0,2.05,1.9,1.9,112.8,,4.0,36.07,64000.0,-8000.0,,23-Feb-2023,,,,,,,,,,,,,,,,,,,,,2023-02-23,RECLTD,8000.0,35.71428571428572,42.85714285714286,11200.0,16000.0,15200.0,4800.0,4000.0,True
217387,OPTSTK,FSL,23-Feb-2023,116.5,CE,1.4,1.55,2.95,0.05,0.15,116.35,,147.0,895.76,166400.0,-390000.0,,23-Feb-2023,,,,,,,,,,,,,,,,,,,,,2023-02-23,,,-89.28571428571428,10.71428571428572,,,,,,True
218477,OPTSTK,TATAPOWER,23-Feb-2023,202.5,CE,1.2,1.35,1.5,0.05,0.1,201.3,,828.0,5674.56,354375.0,-219375.0,,23-Feb-2023,,,,,,,,,,,,,,,,,,,,,2023-02-23,TATAPOWER,3375.0,-91.66666666666666,12.500000000000021,4050.0,4556.25,337.5,506.25,-3712.5,True
218951,OPTSTK,HAVELLS,23-Feb-2023,1180.0,PE,1.45,3.75,3.75,0.05,0.15,1200.05,,135.0,797.17,36500.0,-3000.0,,23-Feb-2023,,,,,,,,,,,,,,,,,,,,,2023-02-23,HAVELLS,500.0,-89.65517241379311,158.6206896551724,725.0,1875.0,75.0,1150.0,-650.0,True
218986,OPTSTK,MUTHOOTFIN,23-Feb-2023,940.0,PE,1.2,2.9,4.35,0.05,0.1,957.05,,84.0,434.79,28600.0,-15400.0,,23-Feb-2023,,,,,,,,,,,,,,,,,,,,,2023-02-23,MUTHOOTFIN,550.0,-91.66666666666666,141.66666666666666,660.0,1595.0,55.0,935.0,-605.0,True
219064,OPTSTK,BHARATFORG,23-Feb-2023,820.0,PE,0.85,4.0,4.05,0.05,0.1,830.15,,401.0,3295.24,80000.0,-69000.0,,23-Feb-2023,,,,,,,,,,,,,,,,,,,,,2023-02-23,BHARATFORG,1000.0,-88.23529411764706,370.5882352941177,850.0,4000.0,100.0,3150.0,-750.0,True
219220,OPTSTK,HDFCAMC,23-Feb-2023,1780.0,PE,1.05,1.15,3.9,1.15,3.9,1779.6,,3.0,16.04,0.0,-600.0,,23-Feb-2023,,,,,,,,,,,,,,,,,,,,,2023-02-23,HDFCAMC,300.0,271.4285714285714,9.523809523809511,315.0,345.0,1170.0,30.0,855.0,True
219423,OPTSTK,AMBUJACEM,23-Feb-2023,320.0,PE,1.1,1.7,1.7,0.05,0.05,336.9,,479.0,2762.57,271800.0,-102600.0,,23-Feb-2023,,,,,,,,,,,,,,,,,,,,,2023-02-23,AMBUJACEM,1800.0,-95.45454545454545,54.54545454545452,1980.0000000000002,3060.0,90.0,1079.9999999999998,-1890.0000000000002,True
219921,OPTSTK,CHOLAFIN,23-Feb-2023,780.0,CE,1.0,3.0,3.0,0.05,0.05,751.5,,136.0,1326.69,96250.0,-46250.0,,23-Feb-2023,,,,,,,,,,,,,,,,,,,,,2023-02-23,CHOLAFIN,1250.0,-95.0,200.0,1250.0,3750.0,62.5,2500.0,-1187.5,True
220065,OPTSTK,UBL,23-Feb-2023,1400.0,PE,0.75,1.0,1.05,0.05,0.05,1447.15,,54.0,302.52,16800.0,-10400.0,,23-Feb-2023,,,,,,,,,,,,,,,,,,,,,2023-02-23,UBL,400.0,-93.33333333333333,33.33333333333333,300.0,400.0,20.0,100.0,-280.0,True
220836,OPTSTK,HEROMOTOCO,23-Feb-2023,2435.0,PE,1.3,2.0,2.0,0.05,0.05,2495.5,,84.0,613.79,58500.0,-20700.0,,23-Feb-2023,,,,,,,,,,,,,,,,,,,,,2023-02-23,HEROMOTOCO,300.0,-96.15384615384616,53.84615384615383,390.0,600.0,15.0,210.0,-375.0,True
221295,OPTSTK,BHEL,23-Feb-2023,69.0,CE,0.5,0.6,0.85,0.05,0.15,68.95,,175.0,1273.47,294000.0,-147000.0,,23-Feb-2023,,,,,,,,,,,,,,,,,,,,,2023-02-23,BHEL,10500.0,-70.0,19.999999999999996,5250.0,6300.0,1575.0,1050.0,-3675.0,True
222097,OPTSTK,UPL,23-Feb-2023,750.0,CE,0.7,1.2,6.05,0.05,0.25,745.15,,652.0,6375.11,135200.0,-169000.0,,23-Feb-2023,,,,,,,,,,,,,,,,,,,,,2023-02-23,UPL,1300.0,-64.28571428571428,71.42857142857144,909.9999999999999,1560.0,325.0,650.0000000000001,-584.9999999999999,True
222409,OPTSTK,TATACOMM,23-Feb-2023,1180.0,PE,0.6,1.0,2.25,0.5,0.5,1205.45,,16.0,94.48,9000.0,-2000.0,,23-Feb-2023,,,,,,,,,,,,,,,,,,,,,2023-02-23,TATACOMM,500.0,-16.666666666666664,66.66666666666667,300.0,500.0,250.0,200.0,-50.0,True
223093,OPTSTK,ULTRACEMCO,23-Feb-2023,7500.0,CE,1.3,1.35,1.35,0.05,0.05,7176.9,,1054.0,7905.24,93600.0,-67300.0,,23-Feb-2023,,,,,,,,,,,,,,,,,,,,,2023-02-23,ULTRACEMCO,100.0,-96.15384615384616,3.8461538461538547,130.0,135.0,5.0,5.0,-125.0,True
223515,OPTSTK,ASIANPAINT,23-Feb-2023,2720.0,PE,1.5,1.95,32.0,1.95,21.0,2705.95,,144.0,785.7,13800.0,-10400.0,,23-Feb-2023,,,,,,,,,,,,,,,,,,,,,2023-02-23,ASIANPAINT,200.0,1300.0,30.000000000000004,300.0,390.0,4200.0,90.0,3900.0,True
223525,OPTSTK,ASIANPAINT,23-Feb-2023,2880.0,CE,0.85,1.8,3.95,0.05,0.1,2705.95,,194.0,1117.51,24200.0,-20800.0,,23-Feb-2023,,,,,,,,,,,,,,,,,,,,,2023-02-23,ASIANPAINT,200.0,-88.23529411764706,111.76470588235294,170.0,360.0,20.0,190.0,-150.0,True
223627,OPTSTK,ONGC,23-Feb-2023,152.5,CE,1.15,2.35,3.5,0.9,1.95,154.65,,338.0,2014.17,3337950.0,-227150.0,,23-Feb-2023,,,,,,,,,,,,,,,,,,,,,2023-02-23,ONGC,3850.0,69.56521739130437,104.34782608695654,4427.5,9047.5,7507.5,4620.0,3080.0,True
224067,OPTSTK,COALINDIA,23-Feb-2023,212.25,CE,1.25,1.65,3.6,1.6,2.7,214.9,,25.0,225.93,189000.0,-33600.0,,23-Feb-2023,,,,,,,,,,,,,,,,,,,,,2023-02-23,COALINDIA,4200.0,116.00000000000001,31.999999999999986,5250.0,6930.0,11340.0,1680.0,6090.0,True
224359,OPTSTK,CONCOR,23-Feb-2023,570.0,PE,0.7,1.25,1.25,0.05,0.05,587.75,,45.0,256.63,42000.0,-11000.0,,23-Feb-2023,,,,,,,,,,,,,,,,,,,,,2023-02-23,CONCOR,1000.0,-92.85714285714286,78.57142857142858,700.0,1250.0,50.0,550.0,-650.0,True
225462,OPTSTK,OBEROIRLTY,23-Feb-2023,800.0,PE,1.1,2.25,2.5,0.05,0.1,836.95,,13.0,72.86,28700.0,-5600.0,,23-Feb-2023,,,,,,,,,,,,,,,,,,,,,2023-02-23,OBEROIRLTY,700.0,-90.9090909090909,104.54545454545455,770.0000000000001,1575.0,70.0,804.9999999999999,-700.0000000000001,True
225924,OPTSTK,NATIONALUM,23-Feb-2023,80.0,CE,1.5,1.7,3.0,0.9,1.9,82.05,,118.0,723.88,772500.0,-420000.0,,23-Feb-2023,,,,,,,,,,,,,,,,,,,,,2023-02-23,NATIONALUM,7500.0,26.66666666666666,13.33333333333333,11250.0,12750.0,14250.0,1500.0,3000.0,True
226073,OPTSTK,IDFCFIRSTB,23-Feb-2023,53.0,CE,0.6,0.7,1.5,0.4,0.5,53.75,,18.0,145.08,180000.0,-135000.0,,23-Feb-2023,,,,,,,,,,,,,,,,,,,,,2023-02-23,IDFCFIRSTB,15000.0,-16.666666666666664,16.666666666666675,9000.0,10500.0,7500.0,1500.0,-1500.0,True
226410,OPTSTK,PAGEIND,23-Feb-2023,45000.0,CE,1.3,2.0,2.5,0.05,0.05,38063.15,,147.0,992.25,7245.0,-2205.0,,23-Feb-2023,,,,,,,,,,,,,,,,,,,,,2023-02-23,PAGEIND,15.0,-96.15384615384616,53.84615384615383,19.5,30.0,0.75,10.5,-18.75,True
227026,OPTSTK,LAURUSLABS,23-Feb-2023,310.0,PE,0.65,0.75,1.0,0.05,0.05,316.2,,45.0,153.57,24200.0,-18700.0,,23-Feb-2023,,,,,,,,,,,,,,,,,,,,,2023-02-23,LAURUSLABS,1700.0,-92.3076923076923,15.384615384615374,1105.0,1275.0,85.0,170.0,-1020.0,True
230591,OPTSTK,POWERGRID,23-Feb-2023,215.0,CE,0.85,1.0,2.0,0.05,0.15,213.25,,454.0,2646.9,402300.0,-418500.0,,23-Feb-2023,,,,,,,,,,,,,,,,,,,,,2023-02-23,POWERGRID,2700.0,-82.35294117647058,17.647058823529417,2295.0,2700.0,405.0,405.0,-1890.0,True
231552,OPTSTK,CANBK,23-Feb-2023,270.0,PE,1.15,1.25,1.7,0.05,0.1,273.8,,505.0,3689.17,378000.0,-137700.0,,23-Feb-2023,,,,,,,,,,,,,,,,,,,,,2023-02-23,CANBK,2700.0,-91.30434782608695,8.69565217391306,3104.9999999999995,3375.0,270.0,270.00000000000045,-2834.9999999999995,True
231698,OPTSTK,BALRAMCHIN,23-Feb-2023,365.0,CE,0.95,1.2,1.75,0.1,0.35,362.55,,125.0,731.16,40000.0,-20800.0,,23-Feb-2023,,,,,,,,,,,,,,,,,,,,,2023-02-23,BALRAMCHIN,1600.0,-63.1578947368421,26.315789473684205,1520.0,1920.0,560.0,400.0,-960.0,True
231839,OPTSTK,PFC,23-Feb-2023,146.0,CE,1.25,1.65,2.25,0.45,1.05,147.55,,45.0,411.62,291400.0,-142600.0,,23-Feb-2023,,,,,,,,,,,,,,,,,,,,,2023-02-23,PFC,6200.0,-15.999999999999993,31.999999999999986,7750.0,10230.0,6510.0,2480.0,-1240.0,True
232060,OPTSTK,AUROPHARMA,23-Feb-2023,465.0,PE,1.2,1.8,2.1,0.05,0.7,467.6,,265.0,1235.61,45000.0,-78000.0,,23-Feb-2023,,,,,,,,,,,,,,,,,,,,,2023-02-23,AUROPHARMA,1100.0,-41.666666666666664,50.0,1320.0,1980.0,770.0,660.0,-550.0,True
232192,OPTSTK,CHOLAFIN,23-Feb-2023,750.0,PE,1.3,2.0,5.1,0.25,0.95,751.5,,212.0,1995.1,50000.0,-103750.0,,23-Feb-2023,,,,,,,,,,,,,,,,,,,,,2023-02-23,CHOLAFIN,1250.0,-26.923076923076927,53.84615384615383,1625.0,2500.0,1187.5,875.0,-437.5,True
232398,OPTSTK,ICICIPRULI,23-Feb-2023,405.0,PE,1.1,3.4,4.35,0.55,0.55,402.5,,66.0,403.11,51000.0,-10500.0,,23-Feb-2023,,,,,,,,,,,,,,,,,,,,,2023-02-23,ICICIPRULI,1500.0,-50.0,209.09090909090904,1650.0000000000002,5100.0,825.0000000000001,3450.0,-825.0000000000001,True
232854,OPTSTK,BHEL,23-Feb-2023,70.0,PE,1.15,1.2,2.05,0.65,1.3,68.95,,205.0,1535.67,798000.0,-987000.0,,23-Feb-2023,,,,,,,,,,,,,,,,,,,,,2023-02-23,BHEL,10500.0,13.043478260869579,4.347826086956519,12074.999999999998,12600.0,13650.0,525.0000000000018,1575.0000000000018,True
232994,OPTSTK,ASTRAL,23-Feb-2023,1840.0,PE,0.75,1.4,1.4,0.05,0.05,1877.0,,29.0,146.78,2475.0,2475.0,,23-Feb-2023,,,,,,,,,,,,,,,,,,,,,2023-02-23,ASTRAL,367.0,-93.33333333333333,86.66666666666664,275.25,513.8,18.35,238.54999999999995,-256.9,True
233895,OPTSTK,ZEEL,23-Feb-2023,200.0,PE,1.25,4.2,23.35,1.0,2.0,198.65,,1317.0,8261.97,174000.0,-993000.0,,23-Feb-2023,,,,,,,,,,,,,,,,,,,,,2023-02-23,ZEEL,3000.0,60.00000000000001,236.00000000000003,3750.0,12600.0,6000.0,8850.0,2250.0,True
234020,OPTSTK,MANAPPURAM,23-Feb-2023,105.0,PE,1.25,1.3,2.1,0.4,1.1,104.05,,58.0,370.28,102000.0,-240000.0,,23-Feb-2023,,,,,,,,,,,,,,,,,,,,,2023-02-23,MANAPPURAM,6000.0,-11.99999999999999,4.0000000000000036,7500.0,7800.0,6600.000000000001,300.0,-899.9999999999991,True
235477,OPTSTK,IDEA,23-Feb-2023,8.0,PE,1.0,1.1,1.4,1.05,1.3,6.7,,295.0,1890.77,10010000.0,-18410000.0,,23-Feb-2023,,,,,,,,,,,,,,,,,,,,,2023-02-23,IDEA,80000.0,30.000000000000004,10.000000000000009,80000.0,88000.0,104000.0,8000.0,24000.0,True
235693,OPTSTK,SUNPHARMA,23-Feb-2023,950.0,PE,1.15,1.55,1.55,0.05,0.1,972.5,,430.0,2860.79,208600.0,-121800.0,,23-Feb-2023,,,,,,,,,,,,,,,,,,,,,2023-02-23,SUNPHARMA,700.0,-91.30434782608695,34.78260869565219,804.9999999999999,1085.0,70.0,280.0000000000001,-734.9999999999999,True
236867,OPTSTK,GMRINFRA,23-Feb-2023,40.0,PE,1.25,1.65,2.7,1.65,2.7,37.5,,43.0,409.3,1845000.0,-495000.0,,23-Feb-2023,,,,,,,,,,,,,,,,,,,,,2023-02-23,GMRINFRA,22500.0,116.00000000000001,31.999999999999986,28125.0,37125.0,60750.00000000001,9000.0,32625.000000000007,True
237004,OPTSTK,MOTHERSON,23-Feb-2023,83.0,PE,1.1,2.0,2.3,0.45,0.7,82.35,,37.0,211.02,303750.0,-87750.0,,23-Feb-2023,,,,,,,,,,,,,,,,,,,,,2023-02-23,MOTHERSON,7100.0,-36.363636363636374,81.81818181818181,7810.000000000001,14200.0,4970.0,6389.999999999999,-2840.000000000001,True
238307,OPTSTK,DABUR,23-Feb-2023,530.0,PE,1.5,1.95,2.35,0.05,0.05,539.75,,189.0,1253.55,83750.0,-90000.0,,23-Feb-2023,,,,,,,,,,,,,,,,,,,,,2023-02-23,DABUR,1250.0,-96.66666666666667,30.000000000000004,1875.0,2437.5,62.5,562.5,-1812.5,True
239184,OPTSTK,HINDALCO,23-Feb-2023,430.0,CE,1.1,1.3,6.4,1.15,4.1,436.45,,1945.0,11789.19,1992200.0,-1549800.0,,23-Feb-2023,,,,,,,,,,,,,,,,,,,,,2023-02-23,HINDALCO,1400.0,272.72727272727263,18.181818181818166,1540.0000000000002,1820.0,5739.999999999999,279.9999999999998,4199.999999999999,True
239199,OPTSTK,IOC,23-Feb-2023,77.0,CE,0.6,0.65,0.8,0.1,0.1,77.2,,55.0,415.32,117000.0,-87750.0,,23-Feb-2023,,,,,,,,,,,,,,,,,,,,,2023-02-23,IOC,9750.0,-83.33333333333333,8.333333333333348,5850.0,6337.5,975.0,487.5,-4875.0,True
239338,OPTSTK,BATAINDIA,23-Feb-2023,1380.0,PE,1.05,1.5,1.5,0.1,0.15,1415.65,,145.0,550.54,28050.0,-9350.0,,23-Feb-2023,,,,,,,,,,,,,,,,,,,,,2023-02-23,BATAINDIA,375.0,-85.71428571428572,42.85714285714286,393.75,562.5,56.25,168.75,-337.5,True
240194,OPTSTK,ESCORTS,23-Feb-2023,1980.0,PE,1.3,3.95,3.95,0.15,0.2,2041.55,,126.0,686.3,25300.0,-6050.0,,23-Feb-2023,,,,,,,,,,,,,,,,,,,,,2023-02-23,ESCORTS,275.0,-84.61538461538461,203.84615384615384,357.5,1086.25,55.0,728.75,-302.5,True
240520,OPTSTK,RAIN,23-Feb-2023,162.5,PE,1.5,7.0,7.0,5.0,5.3,157.55,,9.0,52.98,21000.0,-3500.0,,23-Feb-2023,,,,,,,,,,,,,,,,,,,,,2023-02-23,,,253.33333333333331,366.6666666666667,,,,,,True
240748,OPTSTK,IRCTC,23-Feb-2023,610.0,PE,1.4,2.0,11.35,0.75,9.85,602.35,,741.0,3981.01,63875.0,-177625.0,,23-Feb-2023,,,,,,,,,,,,,,,,,,,,,2023-02-23,IRCTC,875.0,603.5714285714286,42.85714285714286,1225.0,1750.0,8618.75,525.0,7393.75,True
241277,OPTSTK,NMDC,23-Feb-2023,115.0,CE,0.9,1.0,3.0,0.15,1.95,117.05,,450.0,2342.28,333000.0,-130500.0,,23-Feb-2023,,,,,,,,,,,,,,,,,,,,,2023-02-23,NMDC,4500.0,116.66666666666666,11.111111111111116,4050.0,4500.0,8775.0,450.0,4725.0,True
241738,OPTSTK,GUJGASLTD,23-Feb-2023,520.0,CE,0.8,1.4,3.0,0.05,0.1,504.1,,399.0,2596.83,125000.0,-162500.0,,23-Feb-2023,,,,,,,,,,,,,,,,,,,,,2023-02-23,GUJGASLTD,1250.0,-87.5,74.99999999999997,1000.0,1750.0,125.0,750.0,-875.0,True
242310,OPTSTK,HAL,23-Feb-2023,2480.0,PE,1.4,1.95,2.0,0.1,0.35,2540.95,,30.0,223.26,30300.0,-3900.0,,23-Feb-2023,,,,,,,,,,,,,,,,,,,,,2023-02-23,HAL,300.0,-75.0,39.2857142857143,420.0,585.0,105.0,165.0,-315.0,True
243724,OPTSTK,TRENT,23-Feb-2023,1280.0,PE,0.8,1.0,2.35,0.1,0.2,1328.2,,116.0,594.31,44400.0,8400.0,,23-Feb-2023,,,,,,,,,,,,,,,,,,,,,2023-02-23,TRENT,400.0,-75.0,25.0,320.0,400.0,80.0,80.0,-240.0,True
249037,OPTSTK,PETRONET,23-Feb-2023,212.5,CE,1.5,6.7,6.7,6.7,6.7,219.65,,1.0,6.57,3000.0,0.0,,23-Feb-2023,,,,,,,,,,,,,,,,,,,,,2023-02-23,PETRONET,3000.0,346.6666666666667,346.6666666666667,4500.0,20100.0,20100.0,15600.0,15600.0,True
249472,OPTSTK,INTELLECT,23-Feb-2023,470.0,CE,1.1,1.6,1.6,0.05,0.05,458.65,,116.0,545.67,38000.0,-67000.0,,23-Feb-2023,,,,,,,,,,,,,,,,,,,,,2023-02-23,,,-95.45454545454545,45.45454545454546,,,,,,True
249982,OPTSTK,RBLBANK,23-Feb-2023,155.0,CE,0.55,0.7,0.75,0.05,0.15,153.8,,509.0,3951.86,315000.0,-420000.0,,23-Feb-2023,,,,,,,,,,,,,,,,,,,,,2023-02-23,RBLBANK,5000.0,-72.72727272727273,27.27272727272725,2750.0,3500.0,750.0,750.0,-2000.0,True
250972,OPTSTK,BAJAJ-AUTO,23-Feb-2023,3920.0,CE,1.35,4.85,4.85,0.05,0.05,3831.95,,119.0,1166.49,29000.0,-8750.0,,23-Feb-2023,,,,,,,,,,,,,,,,,,,,,2023-02-23,BAJAJ-AUTO,250.0,-96.2962962962963,259.25925925925924,337.5,1212.5,12.5,875.0,-325.0,True
252987,OPTSTK,WHIRLPOOL,23-Feb-2023,1240.0,PE,0.85,1.8,3.0,0.25,0.3,1269.55,,5.0,21.72,2100.0,0.0,,23-Feb-2023,,,,,,,,,,,,,,,,,,,,,2023-02-23,,,-64.70588235294117,111.76470588235294,,,,,,True
253572,OPTSTK,SBIN,23-Feb-2023,510.0,PE,1.4,1.5,2.5,0.05,0.05,521.0,,2444.0,18717.82,657000.0,-358500.0,,23-Feb-2023,,,,,,,,,,,,,,,,,,,,,2023-02-23,SBIN,1500.0,-96.42857142857143,7.14285714285714,2100.0,2250.0,75.0,150.0,-2025.0,True
253755,OPTSTK,CUB,23-Feb-2023,132.5,PE,1.0,1.9,3.75,0.35,0.45,132.5,,45.0,302.79,80000.0,-100000.0,,23-Feb-2023,,,,,,,,,,,,,,,,,,,,,2023-02-23,CUB,5000.0,-55.00000000000001,89.99999999999999,5000.0,9500.0,2250.0,4500.0,-2750.0,True
254832,OPTSTK,LALPATHLAB,23-Feb-2023,1850.0,PE,1.05,5.2,5.2,1.85,2.95,1908.1,,41.0,190.04,1750.0,-3750.0,,23-Feb-2023,,,,,,,,,,,,,,,,,,,,,2023-02-23,LALPATHLAB,300.0,180.95238095238096,395.23809523809524,315.0,1560.0,885.0,1245.0,570.0,True
256026,OPTSTK,SAIL,23-Feb-2023,84.0,CE,1.35,1.6,2.45,0.75,0.9,84.9,,153.0,1044.02,880000.0,-624000.0,,23-Feb-2023,,,,,,,,,,,,,,,,,,,,,2023-02-23,SAIL,8000.0,-33.333333333333336,18.518518518518512,10800.0,12800.0,7200.0,2000.0,-3600.0,True
256108,OPTSTK,RECLTD,23-Feb-2023,112.75,PE,1.0,1.05,1.5,0.5,0.5,112.8,,20.0,181.47,256000.0,-112000.0,,23-Feb-2023,,,,,,,,,,,,,,,,,,,,,2023-02-23,RECLTD,8000.0,-50.0,5.000000000000004,8000.0,8400.0,4000.0,400.0,-4000.0,True
256687,OPTSTK,GODREJCP,23-Feb-2023,900.0,PE,0.75,1.0,1.65,0.05,0.1,934.35,,212.0,1908.43,55000.0,-30000.0,,23-Feb-2023,,,,,,,,,,,,,,,,,,,,,2023-02-23,GODREJCP,1000.0,-86.66666666666667,33.33333333333333,750.0,1000.0,100.0,250.0,-650.0,True
257646,OPTSTK,HCLTECH,23-Feb-2023,1120.0,CE,0.7,1.5,1.7,0.05,0.05,1094.35,,526.0,4125.9,139300.0,-119700.0,,23-Feb-2023,,,,,,,,,,,,,,,,,,,,,2023-02-23,HCLTECH,700.0,-92.85714285714286,114.28571428571428,489.99999999999994,1050.0,35.0,560.0,-454.99999999999994,True
