	0	1	2	3	4
0	-2.7376248109526102	-0.4479675416468636	-0.4404039265004407	-0.5544704846766222	-31.655320307749925
1	-5.220131523777372	-0.8477749815866231	-0.4917516168368634	-0.27105927982182787	-54.53832661013931
2	-2.758191409612625	-0.46259855375688774	-0.45483846971687614	-0.5189815408823373	-31.875948997948026
3	-4.2766494803444886	-0.6069328169303512	-0.4459236079421698	-0.40386820316355254	-44.42993244289383
4	-2.735719814006562	-0.44796793477982777	-0.4404672471828903	-0.5544001762867474	-31.58793080570322
5	-3.5052110469962243	-0.5285071725601265	-0.438656484807709	-0.4693554210390509	-37.933419096088166
6	-3.226437524393629	-0.4499179455257116	-0.44315836187840585	-0.5465613461870005	-35.30715774334515
7	-2.146055970909606	-0.3435999875412219	-0.46840159576725293	-0.7001714433609028	-26.86944059275934
8	-2.7118075288389774	-0.4172708649229231	-0.449479755784816	-0.5846367595067805	-34.88788633327796
9	-5.489621279121629	-0.8267646464307923	-0.488788054208142	-0.2786164900143695	-56.1415362946141
10	-4.018590135978702	-0.5656154098098236	-0.44221799749144663	-0.43558120324225635	-42.04726213420406
11	-2.97806618831852	-0.4489232617127159	-0.4418418592423483	-0.5501938085600242	-33.41312704045918
12	-2.954061984991996	-0.4141339890438822	-0.44801967302036183	-0.589908071915757	-33.19456934290246
13	-2.426654833465919	-0.37662384737874177	-0.45617392103398835	-0.64526140387302	-28.8992770600706
14	-2.142581842750393	-0.34399110408085165	-0.4684496074556723	-0.6993267902735922	-26.702372965067042
15	-2.0854987224737864	-0.3188419176024184	-0.480600811999611	-0.7418284730326645	-26.485768870496283
16	-4.279930359036618	-0.6071824807399784	-0.44590080229312523	-0.40373211315196933	-44.51502550788424
17	-0.9608416372983271	-0.2730473648938234	-0.5899907792778964	-0.9989472539959883	-18.176178420890295
18	-1.7851384681762101	-0.2926437205431305	-0.4995820252577641	-0.8032210426175226	-24.40754329720489
19	-2.999988194942236	-0.48897387658992675	-0.43712340751728607	-0.509830854381004	-33.909054701350286
20	-3.246594473363934	-0.48798022132434626	-0.4389365214304721	-0.5081302025992764	-35.737418553557205
21	-2.9820614490115713	-0.44892446582593104	-0.4417276362501301	-0.550324069130975	-33.54960645129689
22	-4.270254545505509	-0.6064470861875648	-0.4459681966782476	-0.4041331667166528	-44.26191881642035
23	-3.4741035228652435	-0.5234410034141117	-0.44209876609878185	-0.4701529996689735	-41.66920524560925
24	-4.708770355002333	-0.8177402509415712	-0.48121168590568963	-0.28598377228843663	-50.23444597927123
25	-2.0875808188467473	-0.31853300941031426	-0.48061746801415195	-0.7425228994183644	-26.59375577893287
26	-2.6682955422134746	-0.38027695459129407	-0.4557329563448367	-0.6362196111818654	-30.83656811222348
27	-3.2489068478538186	-0.4880389328259982	-0.43887760170659584	-0.5081335964535292	-35.81013515613924
28	-1.8531296311881138	-0.31451754393315	-0.48522353950250796	-0.7592180221925271	-24.575763279220972
29	-2.9820614490115713	-0.44892446582593104	-0.4417276362501301	-0.550324069130975	-33.54960645129689
30	-3.2702104792466002	-0.587350226349584	-0.4409633503651367	-0.4218457700603031	-36.88684968479049
31	-2.6682955422134746	-0.38027695459129407	-0.4557329563448367	-0.6362196111818654	-30.83656811222348
32	-3.501500621767698	-0.48727562035297933	-0.4405325334311081	-0.506651038004301	-37.71244556705303
33	-2.671389689366736	-0.38010361962286376	-0.4556678028395931	-0.6366024223372042	-30.959328121727378
34	-3.9773680946490115	-0.7330594497248097	-0.458887293901324	-0.3303421999075873	-43.6897969442255
35	-3.95989772508029	-0.6975774638049705	-0.4951148344837588	-0.31926295410821726	-44.1446945209407
36	-3.7219000135474847	-0.5615895348854847	-0.44367813730746186	-0.4372581033588847	-44.038750453303784
37	-2.954061984991996	-0.4141339890438822	-0.44801967302036183	-0.589908071915757	-33.19456934290246
38	-1.4758421192962516	-0.2730129274127213	-0.5251788738266043	-0.8702005916214288	-22.10478926451899
39	-2.9841132264153565	-0.448925082703747	-0.4416688786684877	-0.550391175767647	-33.61876364008426
40	-3.2648371136471273	-0.49933814608500326	-0.44993468269737646	-0.48428542782529127	-35.96872593145291
41	-4.819808929623065	-0.8698282933196964	-0.5597017255466838	-0.2295728266234105	-53.58903686873245
42	-3.242091312887008	-0.48786607710390784	-0.43905108867794795	-0.5081237121508215	-35.5939066771401
43	-3.510402049836502	-0.5287527817193698	-0.43855027859875473	-0.46925040751841407	-38.08657070791481
44	-1.9043765026542556	-0.32743761029096285	-0.4807222637825519	-0.7294303956817387	-28.243980067435597
45	-4.273146655889314	-0.6122197483099976	-0.42593983725497164	-0.4194145197951711	-44.184982871505895
46	-4.01217906356977	-0.6138288986143037	-0.4447109883454061	-0.4007441009096886	-42.51523880305167
47	-3.5077832826342545	-0.5286288028084374	-0.4386038763204465	-0.46930340021082717	-38.00965266873692
48	-2.430925989783332	-0.3763447933391264	-0.45606802683005165	-0.6458733728801005	-29.078521261664434
49	-3.7440413588682726	-0.5156438784014088	-0.42870621018074173	-0.4919600899634111	-39.60244238404971
50	-3.2443229869741614	-0.4879226129964611	-0.43899434020796835	-0.5081269090878056	-35.6653461509699
51	-2.428053777064884	-0.3765325352550777	-0.45613924739794953	-0.6454614537581915	-28.95850469169597
52	-2.7785930142450983	-0.5028161494600027	-0.44722236167395124	-0.4853709426115107	-32.38570104213566
53	-2.9725883858596998	-0.45122254202978196	-0.4447544627471989	-0.5436431683465877	-37.20327670605382
54	-4.486958193928121	-0.6717884166383246	-0.49117071595821216	-0.3331758057368397	-47.595147239100775
55	-4.513056407419546	-0.7051785981376588	-0.4586695823320055	-0.3419814788972746	-47.43710958184624
56	-4.273424685032737	-0.6066877269199789	-0.4459460702694855	-0.40400186622942424	-44.34556765718309
57	-3.7616317011873965	-0.525831262258788	-0.4403685115565452	-0.46968581446889046	-39.839442109078156
58	-3.763065164478083	-0.6227289394990339	-0.4433194182778173	-0.39671137096204423	-40.941966741003974
59	-1.9181960975221382	-0.339114998742845	-0.47154134021072713	-0.7161042454759252	-25.113899282390623
60	-3.232795711923946	-0.44992135251881105	-0.4429994798316843	-0.54674556899144	-35.515986453867676
61	-4.699478268973432	-0.8162879098771441	-0.4809613587168846	-0.2865718627935465	-50.027559886981344
62	-3.4741035228652435	-0.5234410034141117	-0.44209876609878185	-0.4701529996689735	-41.66920524560925
63	-2.1591291210184	-0.33781645498829893	-0.44963989845770613	-0.7481964394868095	-30.309940549405173
64	-2.9504218982953647	-0.4142256223346077	-0.44811032717239985	-0.5896609418260452	-33.063902294208766
65	-2.9725883858596998	-0.45122254202978196	-0.4447544627471989	-0.5436431683465877	-37.20327670605382
66	-2.1873690746622927	-0.38083716680130975	-0.45129484444402523	-0.6503717716496364	-27.078631426995805
67	-3.9773680946490115	-0.7330594497248097	-0.458887293901324	-0.3303421999075873	-43.6897969442255
68	-3.5205424914710637	-0.5707668855311141	-0.4621912771569612	-0.41338119554960695	-38.95950061985974
69	-3.2290813415645347	-0.4867629619002989	-0.4423083940838495	-0.5055086760120455	-39.5415258388081
70	-2.194466052698716	-0.3727373950375845	-0.457045670744068	-0.6563812944252934	-27.14267869877972
71	-2.1437198603541976	-0.3438630980805939	-0.4684338367530916	-0.6996029134314588	-26.75757952182413
72	-3.7564352496362563	-0.5256114537141896	-0.44046363870301763	-0.46977993527491635	-39.687380490522806
73	-1.917098550449982	-0.33926520787493275	-0.4715605865387966	-0.7157817959559714	-25.058351992703173
74	-3.5062938465992364	-0.576022468045706	-0.4388964149766543	-0.4315170687427179	-38.38626513013176
75	-0.772373157149574	-0.29193128339592067	-0.6302963451662367	-1.0642291400004937	-16.546791908610253
76	-1.1032343990045423	-0.32698715594201166	-0.5053301088655298	-0.8607669022751883	-18.86037544669041
77	-2.135631406584361	-0.31792833353609895	-0.48910561908201977	-0.7269918939930267	-30.120695097823738
78	-3.2443229869741614	-0.4879226129964611	-0.43899434020796835	-0.5081269090878056	-35.6653461509699
79	-2.7785930142450983	-0.5028161494600027	-0.44722236167395124	-0.4853709426115107	-32.38570104213566
80	-3.5249716098522796	-0.5810414695790695	-0.44257478664096994	-0.42438178181492536	-38.80047150116822
81	-3.202021886437362	-0.4701888028830914	-0.4362007732004969	-0.5310520425507854	-39.161831635527825
82	-1.9896541759431143	-0.3878423225242116	-0.4776603861084918	-0.6065479050545559	-25.522889814939845
83	-2.144877728412243	-0.3437327476101677	-0.4684178344881085	-0.6998844117183056	-26.813265944981126
84	-1.47636540030433	-0.2728170265063641	-0.5252443299018608	-0.8707013920627795	-22.150392288052913
85	-5.369050355612415	-0.9082011394337808	-0.46601554499771525	-0.27205959674726254	-59.96998530086488
86	-4.279930359036618	-0.6071824807399784	-0.44590080229312523	-0.40373211315196933	-44.51502550788424
87	-3.2306398226361486	-0.4499202005569878	-0.4430534145849758	-0.546682982396691	-35.445779428568635
88	-3.501500621767698	-0.48727562035297933	-0.4405325334311081	-0.506651038004301	-37.71244556705303
89	-2.142581842750393	-0.34399110408085165	-0.4684496074556723	-0.6993267902735922	-26.702372965067042
90	-5.01616273024899	-0.7364064353411834	-0.4673376652066812	-0.32277588128826795	-51.41823415007584
91	-4.027498529546051	-0.566150243961232	-0.44210210535346484	-0.4352969400265869	-42.29038588575716
92	-3.2243892765849633	-0.4499168419287731	-0.44320942683136155	-0.5465022307210494	-35.2387230297678
93	-4.270254545505509	-0.6064470861875648	-0.4459681966782476	-0.4041331667166528	-44.26191881642035
94	-3.7246736535570015	-0.5617545500288972	-0.4436412832361465	-0.4371690807376747	-44.12035795509585
95	-3.0002381389314876	-0.46296142936854734	-0.4556447007033002	-0.5165718210350518	-33.70258290252928
96	-2.146055970909606	-0.3435999875412219	-0.46840159576725293	-0.7001714433609028	-26.86944059275934
97	-2.7151535662379516	-0.4171834500718419	-0.44939319781116294	-0.5848586426432758	-35.01973747622463
98	-3.7564352496362563	-0.5256114537141896	-0.44046363870301763	-0.46977993527491635	-39.687380490522806
99	-2.675604712056221	-0.38918437167220543	-0.45569440758800117	-0.6206004172609483	-34.53903042654284
100	-5.250202981766626	-0.7806640724864018	-0.47733851028934615	-0.3000559812023671	-53.67297721172146
101	-2.450703641881061	-0.38486940408554626	-0.45663939791040353	-0.6292911458530692	-32.78138405396303
102	-2.146055970909606	-0.3435999875412219	-0.46840159576725293	-0.7001714433609028	-26.86944059275934
103	-2.915715875999003	-0.38488695405203055	-0.45481538986553005	-0.6276772475795336	-32.842497360104645
104	-2.142581842750393	-0.34399110408085165	-0.4684496074556723	-0.6993267902735922	-26.702372965067042
105	-4.030572640056857	-0.5663352584006169	-0.44206211022747777	-0.4351986881343972	-42.37284076772189
106	-3.45753385676395	-0.5136887543816298	-0.43091561455691396	-0.4914936174491067	-41.43220872057024
107	-2.6682955422134746	-0.38027695459129407	-0.4557329563448367	-0.6362196111818654	-30.83656811222348
108	-3.2306398226361486	-0.4499202005569878	-0.4430534145849758	-0.546682982396691	-35.445779428568635
109	-2.430925989783332	-0.3763447933391264	-0.45606802683005165	-0.6458733728801005	-29.078521261664434
110	-3.7655001081829753	-0.6221198633873475	-0.442366537162322	-0.397931100839938	-41.0284459408631
111	-4.018639660127869	-0.6143750476230685	-0.44466436520055064	-0.4004506084875983	-42.68527559053459
112	-3.2596197836209453	-0.5319351184522012	-0.4366351778045505	-0.4688544814862148	-36.25654859135025
113	-2.954061984991996	-0.4141339890438822	-0.44801967302036183	-0.589908071915757	-33.19456934290246
114	-2.451874701177363	-0.39412283222420674	-0.47396712341106007	-0.5897748436737307	-29.218654152432478
115	-3.5052110469962243	-0.5285071725601265	-0.438656484807709	-0.4693554210390509	-37.933419096088166
116	-3.2285207385074237	-0.4499190649807798	-0.443106366371941	-0.54662158597821	-35.376173243298204
117	-3.759011463998353	-0.5257203647034143	-0.4404164953669709	-0.4697332881844716	-39.76308996829586
118	-4.914320479129787	-0.8043658995208056	-0.44701423807645124	-0.313522229820129	-55.33955181124446
119	-1.4774379112720584	-0.27241496461439363	-0.5253793521474788	-0.8717315402211576	-22.242740333666568
120	-1.3433052785628568	-0.2869777769353301	-0.525580008452601	-0.8537010216314429	-23.85887236698339
121	-3.761062717634646	-0.5705217036605164	-0.4406231738294579	-0.4336345800671846	-40.21686497855277
122	-5.024766160702786	-0.737412494415286	-0.46745067174926946	-0.32230726675203236	-51.61390398550804
123	-2.759487616325992	-0.49029591706093334	-0.4351518129560732	-0.5118259729014862	-32.15283852266851
124	-2.236014382118207	-0.40526099775391566	-0.44763430126625137	-0.6123832911774962	-27.536972291352697
125	-3.761062717634646	-0.5705217036605164	-0.4406231738294579	-0.4336345800671846	-40.21686497855277
126	-1.5583319459787022	-0.28974595561135064	-0.5082913892419858	-0.8269812999023627	-22.51082486908842
127	-6.058961032345176	-0.9853401755769209	-0.49082905046443104	-0.24139885247299064	-64.2494143276302
128	-4.936510777501569	-0.8687658758976655	-0.4947290665650581	-0.2639071115428895	-52.6145197204695
129	-5.036341756459141	-0.7675015893790262	-0.43907251106256817	-0.3322367309034302	-51.16355692411713
130	-5.166345433188579	-0.9214348732006015	-0.5097937662249958	-0.2433737991311784	-55.12229963020196
131	-5.602349247748645	-0.8349541276010974	-0.4952780632493643	-0.27239402941583757	-62.15393298027352
132	-3.763065164478083	-0.6227289394990339	-0.4433194182778173	-0.39671137096204423	-40.941966741003974
133	-6.408216933177393	-1.0162445062311258	-0.545394211691546	-0.20843018485844977	-65.97853818703115
134	-5.960421987415457	-0.9213173051620347	-0.5153145734379734	-0.2404336284439268	-61.142880257931985
135	-4.007894793928471	-0.6645512400452933	-0.4436766711866569	-0.37326033441825546	-43.44782950472018
136	-2.6748452262656164	-0.38820396676685376	-0.45645250179153796	-0.6211725205188585	-34.47715715595379
137	-4.252378124533249	-0.6353873589314192	-0.480345807569474	-0.35897861695683475	-45.25597377824969
138	-2.429477278322107	-0.37643953306811784	-0.4561039549288546	-0.645665405074723	-29.018249737069276
139	-2.782531588396409	-0.5021344345144683	-0.44867088955670553	-0.4844285062797824	-32.535707686313714
140	-3.9959868606478266	-0.6688730963607261	-0.4500320331100176	-0.36576446412266694	-42.9985249066485
141	-5.01616273024899	-0.7364064353411834	-0.4673376652066812	-0.32277588128826795	-51.41823415007584
142	-3.5235166369876647	-0.536740372127031	-0.4461723108710052	-0.4544824325230752	-38.25024228543245
143	-6.748888610277693	-1.2374895446305523	-0.5497544963631364	-0.1803741023030847	-74.79489363944862
144	-4.43549413416353	-0.838969852132545	-0.4836213361776922	-0.2784411468642398	-48.41555473102912
145	-3.976544678385892	-0.7216548480263028	-0.4458588516701998	-0.3449958905632393	-43.969553973521556
146	-4.283268798926125	-0.6074368475600815	-0.44587764571378896	-0.4035935294672579	-44.600859508994276
147	-4.531440457577759	-0.6627645187154079	-0.4282306130926721	-0.3877136250590081	-46.49762896852281
148	-6.08840944017542	-1.0413151625365362	-0.5511923018984395	-0.20203464248667302	-63.68707586062068
149	-5.586878464308497	-1.0227597106140938	-0.541862343013271	-0.20905790230727184	-59.58959819814859
150	-6.167750161557948	-0.9655679058873909	-0.5291059131651754	-0.22473977962533542	-63.19976685094013
151	-5.01616273024899	-0.7364064353411834	-0.4673376652066812	-0.32277588128826795	-51.41823415007584
152	-4.2766494803444886	-0.6069328169303512	-0.4459236079421698	-0.40386820316355254	-44.42993244289383
153	-3.0002381389314876	-0.46296142936854734	-0.4556447007033002	-0.5165718210350518	-33.70258290252928
154	-1.9062505858901067	-0.3271461443408481	-0.4807234321341496	-0.7300394956325826	-28.35325923743176
155	-5.7939623486494956	-0.9841668723771833	-0.567611399782493	-0.20367027356158762	-64.93742572201992
156	-5.334632342230931	-0.8537074037990822	-0.49823664303718873	-0.2656579285049303	-60.44569165906118
157	-5.324983765323545	-0.8522885078728453	-0.49793513631482655	-0.26620185598160706	-60.229566916567
158	-3.2596197836209453	-0.5319351184522012	-0.4366351778045505	-0.4688544814862148	-36.25654859135025
159	-4.030572640056857	-0.5663352584006169	-0.44206211022747777	-0.4351986881343972	-42.37284076772189
160	-5.489621279121629	-0.8267646464307923	-0.488788054208142	-0.2786164900143695	-56.1415362946141
161	-5.029183558568091	-0.7379301058706438	-0.4675091210656377	-0.322066502516821	-51.71304194772192
162	-5.264024447959922	-0.7824392970921252	-0.4776131726416555	-0.29928814733707654	-53.977666497599344
163	-5.01616273024899	-0.7364064353411834	-0.4673376652066812	-0.32277588128826795	-51.41823415007584
164	-5.3700262008953485	-0.9704066974151597	-0.5249582193189128	-0.22593791942957142	-57.179784329245344
165	-4.226754468175454	-0.6843574254635385	-0.49307580555471997	-0.3262541430360226	-45.96754916676373
166	-5.800595403208769	-1.0754491368945294	-0.5596836211632317	-0.19360138177945263	-62.01176439772684
167	-3.759011463998353	-0.5257203647034143	-0.4404164953669709	-0.4697332881844716	-39.76308996829586
168	-5.9433935501455455	-0.9186198685626688	-0.514647123267628	-0.24135352272977983	-60.80039169145259
169	-3.950829331410403	-0.5966600835532863	-0.44374229941864063	-0.41251656090109523	-46.08891331478245
170	-5.268797465074519	-0.7830540136735187	-0.4777087816769625	-0.2990228342720034	-54.08103773412587
171	-4.222490997871848	-0.6838859352876168	-0.49297194628253127	-0.32653233858796327	-45.86807303375436
172	-3.5026841125280432	-0.5283878249103546	-0.43870813123837094	-0.4694064965221214	-37.85785795402423
173	-5.114318832504325	-0.809831802992532	-0.486625761033602	-0.2848886639151824	-58.0654016063382
174	-4.198260563087263	-0.5907997050813691	-0.4449781292166761	-0.4151827996103996	-47.83665649823536
175	-4.983408462528028	-0.7988124392418798	-0.47920273973275695	-0.2930035065430927	-52.05438539376547
176	-5.329767268821487	-0.8529915135862447	-0.498084382105654	-0.26593219240176125	-60.337175520348765
177	-4.513056407419546	-0.7051785981376588	-0.4586695823320055	-0.3419814788972746	-47.43710958184624
178	-5.948969094510357	-0.9195018584269741	-0.5148649879347336	-0.24105227985084876	-60.91354470831212
179	-4.8412701830477145	-0.9055198695747104	-0.47124995900975897	-0.26936895210652967	-53.27181352132627
180	-5.25933583075482	-0.7818362866980009	-0.47751963410045684	-0.29954869202785095	-53.875209958075146
181	-3.514983724184871	-0.5766744923559739	-0.4387604600528956	-0.43117652063882783	-38.6300789162301
182	-5.011972686743567	-0.7359174452736252	-0.4672830250254987	-0.32300396039025925	-51.321672153645025
183	-4.936510777501569	-0.8687658758976655	-0.4947290665650581	-0.2639071115428895	-52.6145197204695
184	-5.427259475561642	-0.8931996595178513	-0.504623701297578	-0.25240331192447285	-56.487446938382156
185	-4.71735119672966	-0.7089383290261513	-0.5032269105811957	-0.3092438619091775	-49.94798130617282
186	-2.236014382118207	-0.40526099775391566	-0.44763430126625137	-0.6123832911774962	-27.536972291352697
187	-4.2766494803444886	-0.6069328169303512	-0.4459236079421698	-0.40386820316355254	-44.42993244289383
188	-4.53458487175066	-0.6498117541725661	-0.4514524145083334	-0.3743039964773456	-46.92516998720328
189	-4.44236802762317	-0.7028733480016958	-0.4338566860543489	-0.36300797441703025	-50.65205790259944
190	-6.471335901245381	-1.069885728477153	-0.5095952684506644	-0.21785301144235536	-69.1356696366751
191	-3.950829331410403	-0.5966600835532863	-0.44374229941864063	-0.41251656090109523	-46.08891331478245
192	-5.667866058036168	-0.9451149016102618	-0.5199489912511464	-0.23321834440821432	-59.21994054412183
193	-4.7698939736462735	-0.6919406811431097	-0.4586136706858608	-0.3478754533844661	-48.98311793931353
194	-3.776620313724263	-0.5750240000857236	-0.444163561563341	-0.4269414031346386	-40.54666295825818
195	-5.215023092586569	-0.8469927779713802	-0.49159540932346	-0.2713609227336089	-54.430248306853954
196	-6.101154688194454	-1.0437432307090497	-0.5519164872162592	-0.2013607459861304	-63.93339589817786
197	-4.739640830008643	-0.7502561580749845	-0.4680387914905326	-0.31706027102983114	-49.495842066456675
198	-5.200254105119693	-0.8447376070929682	-0.49114700835327074	-0.2722328753858241	-54.11193706670203
199	-6.193077201067753	-1.0346940600252776	-0.5541127350011168	-0.2016979668385761	-70.20458142109571
200	-3.1968019888654853	-0.4263224557150225	-0.44284043673948537	-0.5784642865411169	-35.07996536842109
201	-6.0112833303956155	-1.128395478776537	-0.5783161967142862	-0.17944057286361925	-64.44600069226868
202	-2.1437198603541976	-0.3438630980805939	-0.4684338367530916	-0.6996029134314588	-26.75757952182413
203	-4.941689216769257	-0.8696409457068248	-0.4949119220639977	-0.26358253305788404	-52.72415272825751
204	-3.5026841125280432	-0.5283878249103546	-0.43870813123837094	-0.4694064965221214	-37.85785795402423
205	-4.027498529546051	-0.566150243961232	-0.44210210535346484	-0.4352969400265869	-42.29038588575716
206	-6.589704542106828	-1.1238766802963291	-0.5854182925631775	-0.17714539770096271	-74.8263345786846
207	-2.378465293066489	-0.348479720132679	-0.4663837292046522	-0.6863665303152993	-28.56905679558588
208	-4.931433181241101	-0.8679090908329405	-0.49455043692125344	-0.26422537471281804	-52.50595410075245
209	-5.114318832504325	-0.809831802992532	-0.486625761033602	-0.2848886639151824	-58.0654016063382
210	-3.763065164478083	-0.6227289394990339	-0.4433194182778173	-0.39671137096204423	-40.941966741003974
211	-4.739640830008643	-0.7502561580749845	-0.4680387914905326	-0.31706027102983114	-49.495842066456675
212	-5.427259475561642	-0.8931996595178513	-0.504623701297578	-0.25240331192447285	-56.487446938382156
213	-5.375786940313688	-0.971502561711644	-0.5252481757352769	-0.22559528720798072	-57.296537756349274
214	-4.25536198043415	-0.6579527867254167	-0.4507486807441756	-0.3706594032784296	-44.74004007051086
215	-4.238022485503212	-0.7067786672787393	-0.4464518711754888	-0.3508774342407657	-45.69588644593901
216	-5.983870534603753	-0.9891041630033275	-0.5389847828255814	-0.21582489354938872	-67.77586115212871
217	-3.2512612253856084	-0.48809877942360713	-0.43881754921481764	-0.5081370946019057	-35.88350753441764
218	-5.268797465074519	-0.7830540136735187	-0.4777087816769625	-0.2990228342720034	-54.08103773412587
219	-4.739640830008643	-0.7502561580749845	-0.4680387914905326	-0.31706027102983114	-49.495842066456675
220	-3.7246736535570015	-0.5617545500288972	-0.4436412832361465	-0.4371690807376747	-44.12035795509585
221	-4.486958193928121	-0.6717884166383246	-0.49117071595821216	-0.3331758057368397	-47.595147239100775
222	-4.018590135978702	-0.5656154098098236	-0.44221799749144663	-0.43558120324225635	-42.04726213420406
223	-4.434098850152396	-0.6819858622048396	-0.4587657250788477	-0.35235978629732934	-50.995696853312836
224	-6.023189528910493	-0.9439586508761342	-0.5965923316870847	-0.19855639056222785	-64.3352160067129
225	-5.210009096277942	-0.8462261170071097	-0.49144264525888715	-0.271656967708523	-54.32316941213748
226	-4.664182817997842	-0.7238900713869554	-0.46678546601169835	-0.3281148084272192	-53.340131046162114
227	-4.28666633028168	-0.6076960515139345	-0.4458541303844681	-0.4034523829123591	-44.68744743695047
228	-4.7698939736462735	-0.6919406811431097	-0.4586136706858608	-0.3478754533844661	-48.98311793931353
229	-4.01217906356977	-0.6138288986143037	-0.4447109883454061	-0.4007441009096886	-42.51523880305167
230	-4.505525709263203	-0.6940358018197765	-0.44708675312626256	-0.35607177699806125	-47.521235954861105
231	-5.726301258001564	-0.8736703996096455	-0.5014780799122711	-0.2587823958620197	-58.6315270766692
232	-7.0276506044811065	-1.1494039581054616	-0.6937030313172245	-0.138664082839826	-76.65022136837106
233	-2.4712894823749476	-0.4089944713970388	-0.44681560640856	-0.6033646733560183	-29.482847773871345
234	-4.968717471577122	-0.7759180539634449	-0.45517618757043254	-0.31708475586110585	-52.238399258500685
235	-4.283268798926125	-0.6074368475600815	-0.44587764571378896	-0.4035935294672579	-44.600859508994276
236	-6.620599229723846	-1.0629277254404608	-0.5612435247922414	-0.19459892638601817	-68.28515227381504
237	-3.759766878249795	-0.6224165812706781	-0.44334390696691006	-0.39687652183277944	-40.8554001593152
238	-4.676366143315327	-0.7643445277710748	-0.5206354092134888	-0.2787047739854551	-50.71252293113782
239	-4.77768330876263	-0.6927529715586991	-0.45866250326882363	-0.34747002555551965	-49.16886791120599
240	-4.44236802762317	-0.7028733480016958	-0.4338566860543489	-0.36300797441703025	-50.65205790259944
241	-3.7582315756794067	-0.5703327218625398	-0.4406634428780192	-0.43373422357520064	-40.137156289920135
242	-3.960123410329549	-0.6005167576822243	-0.4471134552061131	-0.40691236876831427	-46.25988180508958
243	-5.650872025466489	-0.9421727794961101	-0.5191969152197937	-0.23418154487496823	-58.87533083999267
244	-3.950829331410403	-0.5966600835532863	-0.44374229941864063	-0.41251656090109523	-46.08891331478245
245	-5.13105767360232	-0.8814815200109747	-0.46905877438153487	-0.2765143207682166	-55.19679413612106
246	-5.264024447959922	-0.7824392970921252	-0.4776131726416555	-0.29928814733707654	-53.977666497599344
247	-5.136736584638074	-0.8824014714337745	-0.4691804924568914	-0.2762080205403161	-55.31330258673307
248	-5.504758152496081	-0.828874241666073	-0.48919081216232363	-0.2777734344257652	-56.461572629157025
249	-4.2422308041409345	-0.7180655454201763	-0.4587021987449198	-0.3365143970074218	-45.5158747378815
250	-5.504758152496081	-0.828874241666073	-0.48919081216232363	-0.2777734344257652	-56.461572629157025
251	-0.01178800893462717	-1.6699235836410773	-2.3423626349969293	-3.0714591577949637	-7.063497459266202
252	-0.014710358877933372	-3.503878661927793	-4.120951540393369	-5.072686234437082	-1.482710950045368
253	-0.0021896545379249677	-2.3792609517609478	-3.1645018804072826	-3.996729885293263	-4.167932861110169
254	-0.05526275705044825	-1.099060491553055	-1.4882976549049436	-2.1311960947902486	-8.873243001276277
255	-0.011149515399890841	-1.6871649974137464	-2.38892760999652	-3.1493193823726036	-5.712483376152221
256	-0.0013519764569787096	-2.904637708093048	-3.7601203161363324	-4.654721869739099	-2.778124312182419
257	-0.006645700913513908	-1.9058468541147995	-2.626060135859505	-3.4010463054738223	-5.66492634538641
258	-0.004260798746807959	-2.1448374531696475	-2.656200874706059	-3.468030332195725	-4.289043718238644
259	-0.15849195968563112	-0.6568342772986626	-1.167836230533645	-1.7584574722125734	-10.721020252222576
260	-0.0063926693273650415	-1.929476364054656	-2.6178111104516293	-3.3588632240304226	-7.014689374110997
261	-0.0013342648153653602	-2.9077624324717695	-3.764931761747535	-4.358609769967758	-2.791743946874524
262	-0.0018094398260684041	-2.6408881455974624	-3.4886884846013313	-4.07786894775329	-2.8346439531669105
263	-0.011694268415132214	-1.6728608269340999	-2.3473019764980787	-3.0789649554182055	-7.114136668878643
264	-0.002205274088669995	-2.376699986990453	-3.160444310341619	-3.9907778348679734	-4.147516611760814
265	-0.07231876176202934	-0.9373297477712239	-1.5101280945980589	-2.156338541403012	-8.97967383975807
266	-0.00179429736305603	-2.642404699856441	-3.4911009308062804	-4.081012174403291	-2.8419319292044216
267	-0.014524083319041425	-3.2055848447650535	-4.128300642503745	-5.08336043930121	-1.4923554704251896
268	-0.0164443767193736	-1.5372154227042565	-2.1703037083466628	-2.861777700336823	-8.646533197658174
269	-0.0013976415383396557	-3.3213556557968937	-4.193011795846255	-5.0987916954043815	-2.574499567063202
270	-0.001241906478038679	-2.6284114958774496	-3.426914610765025	-4.269456180213961	-4.126464028242923
271	-0.0011168558491942981	-3.176296675352803	-4.041077507975117	-4.942517091928245	-2.744821586100163
272	-0.03655020108016016	-1.1727972573316556	-1.9547983697162068	-2.6117819930540573	-10.18666136783095
273	-0.049021804653939904	-1.0893046677544038	-1.6823261859436769	-2.342493261801703	-8.759588897181708
274	-0.032013129029031306	-1.2600323706484933	-1.875526029434705	-2.553986519567836	-8.700873700819026
275	-0.029628669687275844	-1.286750120707803	-1.9237893637893717	-2.6274925110727447	-7.329528724468709
276	-0.018808598311670144	-1.4741655559498728	-2.130478031106307	-2.8483213145840516	-7.20867685573065
277	-0.000826109184519197	-2.816877982961649	-3.623806334730486	-4.471293578495902	-3.981615778350638
278	-0.015563280214905495	-3.793716627011708	-4.72686498153231	-5.688399276825728	-1.4556879092604282
279	-0.018945238881835413	-1.4715936578836413	-2.125910342781599	-2.841151185958977	-7.155915575455853
280	-0.0013656723737047738	-2.9031215157403043	-3.7577838531451073	-4.651358729541596	-2.77140918291124
281	-0.001129894039612056	-3.1746760604947033	-4.038646240361271	-4.939083330423784	-2.738389474865717
282	-0.029628669687275844	-1.286750120707803	-1.9237893637893717	-2.6274925110727447	-7.329528724468709
283	-0.003850218251664428	-2.141785261553025	-2.916419690591294	-3.461895497865929	-4.266096607154043
284	-0.005924279798326992	-1.9247665161123746	-2.8512030997203173	-3.60487628808285	-6.9513715367314575
285	-0.003804700161171848	-2.13919679671836	-2.91220798384155	-3.736228109785359	-4.243927614245442
286	-0.03222085604077707	-1.257843098467088	-1.8714805559257277	-2.5475243437871002	-8.639798295365686
287	-0.015223163416425933	-3.495556060388703	-4.422036885915727	-5.3783483258292115	-1.467450773853114
288	-0.003988163813791079	-2.124043228757671	-2.8561624396708396	-3.6383502745938863	-5.526440484106956
289	-0.4295789132523007	-0.3773338266225288	-0.7988150789658279	-1.303245529057444	-14.097849996779502
290	-0.00676924684129343	-1.9071246367326187	-2.6280824060943524	-3.1397725573254083	-5.6792754760683355
291	-0.011725967177078411	-1.671864752376819	-2.3456266299104644	-3.076418542525606	-7.09711845831413
292	-0.014067815545435014	-2.9159072394684538	-3.833435050758718	-4.4647314126050865	-1.5160044446480203
293	-0.0018947884400959403	-2.6456581880214625	-3.207590176152804	-4.087619141934001	-2.856848554846545
294	-0.004452767892816123	-2.1196755060725034	-2.945242702884556	-3.5239478284124472	-2.9298104255519255
295	-0.003988163813791079	-2.124043228757671	-2.8561624396708396	-3.6383502745938863	-5.526440484106956
296	-0.0011038745337073053	-3.177945385801262	-4.043551370997639	-4.946011757894512	-2.7513086776569025
297	-0.003951932537467062	-2.1275447178196343	-2.8617365398108743	-3.6465436329464063	-5.565978050060309
298	-0.006665367055572302	-1.904732891727016	-2.624215459787215	-3.3982631317504595	-5.650843111626287
299	-0.0013519764569787096	-2.904637708093048	-3.7601203161363324	-4.654721869739099	-2.778124312182419
300	-0.0039269402450266	-2.1299802970663846	-2.8656159073718945	-3.6522492378512763	-5.592879949854975
301	-0.0013519764569787096	-2.904637708093048	-3.7601203161363324	-4.654721869739099	-2.778124312182419
302	-0.08944611261847579	-0.8683923700864458	-1.3934584373870516	-1.986291028138991	-11.99817769514603
303	-0.0012620547814921057	-2.6228629737765363	-3.4183915966998777	-4.2572178520481945	-4.08729081214643
304	-0.001821373379174318	-2.637922121933434	-3.4839826976741803	-4.372184345413348	-2.820253406046923
305	-0.0013383230268799728	-2.906181250045017	-3.7624993788878474	-4.65814711535931	-2.7848990496301624
306	-0.0011429891621856925	-3.1730828371226996	-4.036256485022264	-4.935708901734001	-2.732011480864394
307	-0.014524083319041425	-3.2055848447650535	-4.128300642503745	-5.08336043930121	-1.4923554704251896
308	-0.0013383230268799728	-2.906181250045017	-3.7624993788878474	-4.65814711535931	-2.7848990496301624
309	-0.03228805143398006	-1.2571383975606336	-1.8701786672380454	-2.5454455101527977	-8.619767452076735
310	-0.01597407534358486	-3.78707411623182	-5.03312207407415	-5.99950623460582	-1.4444231845186628
311	-0.0008146582857793128	-2.8213053754650703	-3.63042755739232	-4.4806221587938415	-4.009727111491064
312	-0.002307181872056141	-2.3580180830087407	-3.1055722248478648	-3.9002580771405886	-5.487786312197148
313	-0.030247123083290806	-1.2890615984297478	-1.9275154018459917	-2.391143696550451	-7.368161427645026
314	-0.0012620547814921057	-2.6228629737765363	-3.4183915966998777	-4.2572178520481945	-4.08729081214643
315	-0.006645700913513908	-1.9058468541147995	-2.626060135859505	-3.4010463054738223	-5.66492634538641
316	-0.0013794111670608622	-2.9016319609254673	-3.7554888639301645	-4.648056027976857	-2.764752687826946
317	-0.0012367531001917786	-2.629858486853877	-3.429138546688069	-4.272651442807176	-4.136461341573322
318	-0.001252071324118198	-2.625590553776494	-3.422580463344498	-4.263231286159022	-4.106716780460094
319	-0.0013519764569787096	-2.904637708093048	-3.7601203161363324	-4.654721869739099	-2.778124312182419
320	-0.0156675550800347	-3.792013474565519	-4.724319098036046	-5.6848213311975755	-1.4528342708400601
321	-0.0038173582519231974	-2.137973268361532	-2.9101962250195004	-3.7332022729277186	-4.233028924591519
322	-0.048838137705151	-1.0904887156539147	-1.6847240820114922	-2.3465024818030997	-8.80181900617898
323	-0.002205274088669995	-2.376699986990453	-3.160444310341619	-3.9907778348679734	-4.147516611760814
324	-0.003988163813791079	-2.124043228757671	-2.8561624396708396	-3.6383502745938863	-5.526440484106956
325	-0.011401850350440501	-1.6782645840213486	-2.4222493025811493	-2.952793613119496	-4.415623170209422
326	-0.007384781397119067	-1.909473722551184	-2.410665979832743	-3.2112457527717098	-4.362411043826995
327	-0.3341378668123216	-0.4454130883121783	-0.8688206408483987	-1.3679846142208114	-15.62184330917604
328	-0.003847086778956177	-2.1402939560007184	-2.841917325771459	-3.8524277559733573	-6.888310704103907
329	-0.007528140900866731	-1.9090589429849842	-2.383617224896455	-3.143090445881544	-5.694384728153223
330	-0.002299452626513432	-2.3593237962586393	-3.107577931952221	-3.9031370456511096	-5.500567616968445
331	-0.0013383230268799728	-2.906181250045017	-3.7624993788878474	-4.65814711535931	-2.7848990496301624
332	-0.011757210807490814	-1.6708858174355692	-2.3439804341959025	-3.07391700211029	-7.080239456452574
333	-0.001129894039612056	-3.1746760604947033	-4.038646240361271	-4.939083330423784	-2.738389474865717
334	-0.08032880761209338	-0.9006083235028548	-1.4575133811330456	-2.082147175882835	-10.291272388067219
335	-0.015353971814502598	-3.797214903114965	-4.732093845698593	-5.695748693337	-1.461474963201903
336	-0.006342681458558763	-1.927271855252665	-2.6143483950528443	-3.610719815309828	-6.982974524065511
337	-0.03355721085941665	-1.2932431496433674	-1.7112533161548007	-2.3966733465622796	-7.390742906356303
338	-0.002181708734861676	-2.380575628001116	-3.166585580075656	-3.999787623602685	-4.178272882121851
339	-0.0011599929091352656	-3.168438196313127	-4.324392177967743	-5.232113361513733	-2.7131712466753597
340	-0.006722663213061919	-1.9015075740184109	-2.618876924124214	-3.3902126078082677	-5.609307702786511
341	-0.0039269402450266	-2.1299802970663846	-2.8656159073718945	-3.6522492378512763	-5.592879949854975
342	-0.04577723961467384	-1.1112724210995364	-1.7262170505354442	-2.413469385413314	-7.442050484927454
343	-0.015875349089792046	-3.788695339339187	-4.719358698136155	-5.677850774507496	-1.4472047045774494
344	-0.001806320669127004	-2.6393820758485207	-3.4863040326410237	-4.375599455631205	-2.8274060328765245
345	-0.029694951865871344	-1.2859938983414303	-1.922346538485489	-2.6251357550142	-7.310845912149437
346	-0.0011168558491942981	-3.176296675352803	-4.041077507975117	-4.942517091928245	-2.744821586100163
347	-0.0038173582519231974	-2.137973268361532	-2.9101962250195004	-3.7332022729277186	-4.233028924591519
348	-0.002205274088669995	-2.376699986990453	-3.160444310341619	-3.9907778348679734	-4.147516611760814
349	-0.001257085153526738	-2.624215385269429	-3.420468330191727	-4.260198816077197	-4.096964263250027
350	-0.001257085153526738	-2.624215385269429	-3.420468330191727	-4.260198816077197	-4.096964263250027
351	-0.018900388533129364	-1.472435576045251	-2.127405302401997	-2.8434973460123047	-7.173353455903827
352	-0.002205274088669995	-2.376699986990453	-3.160444310341619	-3.9907778348679734	-4.147516611760814
353	-0.029824276795291427	-1.2845240016458062	-1.9195428133756638	-2.620557755747032	-7.2739781304257605
354	-0.01597407534358486	-3.78707411623182	-5.03312207407415	-5.99950623460582	-1.4444231845186628
355	-0.011149515399890841	-1.6871649974137464	-2.38892760999652	-3.1493193823726036	-5.712483376152221
356	-0.011149515399890841	-1.6871649974137464	-2.38892760999652	-3.1493193823726036	-5.712483376152221
357	-0.006722663213061919	-1.9015075740184109	-2.618876924124214	-3.3902126078082677	-5.609307702786511
358	-0.001241906478038679	-2.6284114958774496	-3.426914610765025	-4.269456180213961	-4.126464028242923
359	-0.015875349089792046	-3.788695339339187	-4.719358698136155	-5.677850774507496	-1.4472047045774494
360	-0.0014359946097874943	-3.591815567174988	-4.468244701863613	-5.685481309739043	-2.5215796413451277
361	-0.006703842043260355	-1.9025637643614286	-2.620624725126179	-3.3928476344116056	-5.623035745974242
362	-0.0013342648153653602	-2.9077624324717695	-3.764931761747535	-4.358609769967758	-2.791743946874524
363	-0.026692146827270724	-3.882614774616626	-5.132300456474086	-6.099242355318721	-1.2256938915980367
364	-0.001129894039612056	-3.1746760604947033	-4.038646240361271	-4.939083330423784	-2.738389474865717
365	-0.007528140900866731	-1.9090589429849842	-2.383617224896455	-3.143090445881544	-5.694384728153223
366	-0.04911147287321205	-1.0887285833324962	-1.6811596365938586	-2.3405433602021497	-8.738738345751258
367	-0.002307181872056141	-2.3580180830087407	-3.1055722248478648	-3.9002580771405886	-5.487786312197148
368	-0.036616544533834894	-1.1721870386450592	-1.9534586764946837	-2.6097111258770824	-10.164700389045876
369	-0.016484985683700826	-1.5363273979459742	-2.1688039534954724	-2.8594951683804224	-8.627064489847847
370	-0.0011038745337073053	-3.177945385801262	-4.043551370997639	-4.946011757894512	-2.7513086776569025
371	-0.01033573231817475	-1.7256293096288158	-2.373608418322	-3.3203682349705126	-8.470109019157254
372	-0.001821373379174318	-2.637922121933434	-3.4839826976741803	-4.372184345413348	-2.820253406046923
373	-0.015011285318609069	-3.498784902240419	-4.426992138773182	-5.385441384002831	-1.4734593701935825
374	-0.002204932331943077	-2.3833158615980503	-3.1709072513938708	-3.7228123177329575	-4.199263490728856
375	-0.0011168558491942981	-3.176296675352803	-4.041077507975117	-4.942517091928245	-2.744821586100163
376	-0.015011285318609069	-3.498784902240419	-4.426992138773182	-5.385441384002831	-1.4734593701935825
377	-0.014740088501779658	-3.2025158147497708	-4.123446715470041	-5.076268310225724	-1.4859859906427928
378	-0.011149515399890841	-1.6871649974137464	-2.38892760999652	-3.1493193823726036	-5.712483376152221
379	-4.018590135978702	-0.5656154098098236	-0.44221799749144663	-0.43558120324225635	-42.04726213420406
380	-3.5062938465992364	-0.576022468045706	-0.4388964149766543	-0.4315170687427179	-38.38626513013176
381	-2.146055970909606	-0.3435999875412219	-0.46840159576725293	-0.7001714433609028	-26.86944059275934
382	-1.3421538475412058	-0.2888370866908656	-0.5209247098822418	-0.8572103687337012	-20.720620894307636
383	-1.7820485542596498	-0.29335210370599674	-0.4994421117791559	-0.8015356911756157	-24.208904613849672
384	-3.7668793831303065	-0.5709106939355497	-0.44054044964694294	-0.4334296227058012	-40.37843249746118
385	-2.2184422129242147	-0.390811597027797	-0.47538187735654547	-0.5974600155450955	-27.399650809035887
386	-0.7911863365875917	-0.29408134330588753	-0.6232352477441316	-1.035767739903545	-19.71572811817408
387	-2.1437198603541976	-0.3438630980805939	-0.4684338367530916	-0.6996029134314588	-26.75757952182413
388	-1.5576715913669876	-0.2899379659951904	-0.5082530694509664	-0.8265226413514457	-22.462770723359686
389	-3.5026841125280432	-0.5283878249103546	-0.43870813123837094	-0.4694064965221214	-37.85785795402423
390	-3.2285207385074237	-0.4499190649807798	-0.443106366371941	-0.54662158597821	-35.376173243298204
391	-3.5062938465992364	-0.576022468045706	-0.4388964149766543	-0.4315170687427179	-38.38626513013176
392	-2.970672585723086	-0.4512225346683505	-0.4448030804187617	-0.5435892855497868	-37.133831166840025
393	-1.0717458554984236	-0.29664664787054784	-0.5818474829447635	-0.8290189696371701	-18.74133910273876
394	-1.5576715913669876	-0.2899379659951904	-0.5082530694509664	-0.8265226413514457	-22.462770723359686
395	-1.5590038053372406	-0.28955044016892684	-0.5083305973207692	-0.8274490375336838	-22.559299273135757
396	-1.6269182973564342	-0.3036038094189413	-0.49953198924548237	-0.7884082988294521	-26.166028418267793
397	-0.8640932298912631	-0.27172457136209505	-0.619826708084785	-1.0536756854752076	-17.92461030803167
398	-1.8558767262269535	-0.31402219200854997	-0.48524935529747415	-0.7603302853439371	-24.732078164482363
399	-2.142581842750393	-0.34399110408085165	-0.4684496074556723	-0.6993267902735922	-26.702372965067042
400	-1.854029479439359	-0.31435541855714133	-0.485231876355281	-0.7595815693148835	-24.627415185018744
401	-1.1678416910104648	-0.26226349937849736	-0.562502754295872	-0.9526064502326042	-20.104206988533146
402	-0.4294328922564241	-0.37722637173986984	-0.7991429684491642	-1.3041974194093862	-14.129547176653327
403	-2.38098645589335	-0.34824037337453406	-0.46635496223327433	-0.686884736926614	-28.68299873603814
404	-2.194466052698716	-0.3727373950375845	-0.457045670744068	-0.6563812944252934	-27.14267869877972
405	-0.5826720228190096	-0.31716772355826195	-0.7147881529521662	-1.193967464721937	-15.848745610275438
406	-1.2589577034369483	-0.27339443735558167	-0.5410578929798455	-0.9053135195581077	-20.41159355754666
407	-1.8522450937540402	-0.3146767840195397	-0.4852154575759233	-0.7588614079178118	-24.524554143767563
408	-1.2780174898507046	-0.2918060124528927	-0.559766968628987	-0.7932405881202911	-20.475028352055986
409	-1.6248237852561584	-0.30411346979517173	-0.49946424472157824	-0.7872906630411687	-26.013876246235554
410	-2.4014979226936353	-0.35871968740063975	-0.46531920091212164	-0.6661255044382943	-32.25748987610915
411	-1.781307190131137	-0.2935217160595167	-0.49940896329911855	-0.8011334871438138	-24.16026059394693
412	-2.711272452220383	-0.4115506191567657	-0.4472962878882003	-0.5962480347042012	-31.370491057380118
413	-0.9612033980016133	-0.27261202852179167	-0.5902332132770236	-1.0002500399319416	-18.255917421305167
414	-2.142581842750393	-0.34399110408085165	-0.4684496074556723	-0.6993267902735922	-26.702372965067042
415	-2.430925989783332	-0.3763447933391264	-0.45606802683005165	-0.6458733728801005	-29.078521261664434
416	-1.3625222752084696	-0.30764632430628946	-0.5402565744209089	-0.7546650769782195	-20.83419091716984
417	-2.7077862449727577	-0.41165247166089936	-0.44739701458075887	-0.5959772381325115	-31.241128330416807
418	-2.711272452220383	-0.4115506191567657	-0.4472962878882003	-0.5962480347042012	-31.370491057380118
419	-3.4790443987946014	-0.5236481903914707	-0.4420073194644747	-0.4700624806415856	-41.824010689660106
420	-1.475327211507948	-0.2732055237315829	-0.5251147338371798	-0.8697089591172116	-22.059558687832574
421	-0.582476794141584	-0.3168446465177659	-0.7152973401432352	-1.1956684534978705	-15.917543861975217
422	-1.7843466997949171	-0.29282546363923045	-0.4995459027173228	-0.8027877923535376	-24.35726077700957
423	-5.109778145278966	-0.8092081933390727	-0.4865121828068304	-0.2851465238014792	-57.96089033754809
424	-2.7151535662379516	-0.4171834500718419	-0.44939319781116294	-0.5848586426432758	-35.01973747622463
425	-1.1666730604037199	-0.26310674916320287	-0.5620857773188861	-0.9502208923773849	-19.936385150210814
426	-2.976120815252829	-0.44892267418658305	-0.4418973857395083	-0.5501305780199797	-33.34578349279752
427	-2.665303337290953	-0.3804442436475013	-0.4557959020340274	-0.6358507562446671	-30.7158471232033
428	-0.12861475527609145	-0.785302922572163	-1.1342879354678705	-1.7218370346315044	-10.586325005388037
429	-1.4286772515432649	-0.2279366578443871	-0.5844801105995403	-0.9556256034388348	-21.924546628579304
430	-0.9608416372983271	-0.2730473648938234	-0.5899907792778964	-0.9989472539959883	-18.176178420890295
431	-1.0630213851731645	-0.2806408057536305	-0.5638823745522004	-0.9336662690810802	-21.773067166994853
432	-3.2223751214955003	-0.44991575392885763	-0.4432595860415802	-0.5464442084680321	-35.170859450860526
433	-2.040660083794849	-0.2941731463455255	-0.4711031206022833	-0.8387749471895491	-29.60137700463504
434	-0.8642464249996402	-0.2713039109332207	-0.6201508909206421	-1.0551084329681728	-18.001531932297116
435	-2.449270788360662	-0.3849524141700118	-0.4566724976940568	-0.6291178593929718	-32.71899024584131
436	-1.5791216446527656	-0.3087854948292512	-0.527804895766721	-0.730773635881492	-22.627635459628504
437	-1.1663921108489363	-0.26330883574317765	-0.561986578908543	-0.9496514926842377	-19.895277694541598
438	-3.7246736535570015	-0.5617545500288972	-0.4436412832361465	-0.4371690807376747	-44.12035795509585
439	-2.142581842750393	-0.34399110408085165	-0.4684496074556723	-0.6993267902735922	-26.702372965067042
440	-3.2306398226361486	-0.4499202005569878	-0.4430534145849758	-0.546682982396691	-35.445779428568635
441	-1.6074710903812857	-0.28760170811308483	-0.48276649209386435	-0.8841243841871023	-25.94727614897207
442	-1.0630213851731645	-0.2806408057536305	-0.5638823745522004	-0.9336662690810802	-21.773067166994853
443	-2.428053777064884	-0.3765325352550777	-0.45613924739794953	-0.6454614537581915	-28.95850469169597
444	-2.7060888995563834	-0.41170198234375066	-0.4474459858850355	-0.5958457772813528	-31.17729981573764
445	-2.0834848958288625	-0.3191401808002339	-0.4805850796506679	-0.7411595306811884	-26.379572675149973
446	-3.1968019888654853	-0.4263224557150225	-0.44284043673948537	-0.5784642865411169	-35.07996536842109
447	-1.7843466997949171	-0.29282546363923045	-0.4995459027173228	-0.8027877923535376	-24.35726077700957
448	-1.018386212735297	-0.2382064296568207	-0.6338308020931689	-1.0270583930655701	-21.51778344973528
449	-3.2648371136471273	-0.49933814608500326	-0.44993468269737646	-0.48428542782529127	-35.96872593145291
450	-3.7697681424687355	-0.5261764328183138	-0.44021928606809513	-0.46953820768737997	-40.07246562023627
451	-0.9606649780279835	-0.2732594006325444	-0.5898732241772375	-0.9983143689986127	-18.136813122925687
452	-2.4933279642653976	-0.42573561164841456	-0.4635587928481062	-0.5564549814100324	-29.694387689747376
453	-2.7077862449727577	-0.41165247166089936	-0.44739701458075887	-0.5959772381325115	-31.241128330416807
454	-0.7721390517451348	-0.2925992765869523	-0.629834808145431	-1.0619963835419821	-16.432380459670917
455	-2.704421000691483	-0.4117505841026965	-0.44749406317959606	-0.5957168407726043	-31.1140267312939
456	-2.378465293066489	-0.348479720132679	-0.4663837292046522	-0.6863665303152993	-28.56905679558588
457	-0.30623251013753694	-0.45958000265700805	-0.910023304038243	-1.445374298221269	-12.50659505942419
458	-2.1591291210184	-0.33781645498829893	-0.44963989845770613	-0.7481964394868095	-30.309940549405173
459	-1.7843466997949171	-0.29282546363923045	-0.4995459027173228	-0.8027877923535376	-24.35726077700957
460	-1.1678416910104648	-0.26226349937849736	-0.562502754295872	-0.9526064502326042	-20.104206988533146
461	-2.428053777064884	-0.3765325352550777	-0.45613924739794953	-0.6454614537581915	-28.95850469169597
462	-1.7359799355266963	-0.24909074595559022	-0.5454398268023997	-0.8751677885505698	-24.067412041340738
463	-1.4748204778216811	-0.2733948984187067	-0.5250518714171708	-0.8692262454790392	-22.014694579136567
464	-1.4286772515432649	-0.2279366578443871	-0.5844801105995403	-0.9556256034388348	-21.924546628579304
465	-0.6923961521499864	-0.3138280950720973	-0.6840418310570979	-0.9809885491500916	-16.278191039509874
466	-2.704421000691483	-0.4117505841026965	-0.44749406317959606	-0.5957168407726043	-31.1140267312939
467	-2.3590810159715323	-0.32278378368049077	-0.48588053399457487	-0.7135974747035261	-31.932601036231404
468	-2.142581842750393	-0.34399110408085165	-0.4684496074556723	-0.6993267902735922	-26.702372965067042
469	-1.0108454538016136	-0.3210066139550405	-0.5222363647600428	-0.9048297273875032	-18.42721131455601
470	-2.08250254296921	-0.3192854912088905	-0.480577539526416	-0.7408341822154514	-26.327127855749925
471	-3.275760011013783	-0.5404990177956357	-0.4445873116542982	-0.4532908991762321	-36.499596745512044
472	-2.735719814006562	-0.44796793477982777	-0.4404672471828903	-0.5544001762867474	-31.58793080570322
473	-2.948647447953639	-0.4142702160792462	-0.448154450901705	-0.5895407977733229	-32.99939093303635
474	-2.976120815252829	-0.44892267418658305	-0.4418973857395083	-0.5501305780199797	-33.34578349279752
475	-1.2589577034369483	-0.27339443735558167	-0.5410578929798455	-0.9053135195581077	-20.41159355754666
476	-0.9608416372983271	-0.2730473648938234	-0.5899907792778964	-0.9989472539959883	-18.176178420890295
477	-2.428053777064884	-0.3765325352550777	-0.45613924739794953	-0.6454614537581915	-28.95850469169597
478	-0.9719890365997919	-0.2756021011324905	-0.5874777606373898	-0.980252339870129	-21.43020281956347
479	-2.467266275163972	-0.40788565457067993	-0.4477979090898636	-0.6037495376615956	-29.294425035854115
480	-1.1032343990045423	-0.32698715594201166	-0.5053301088655298	-0.8607669022751883	-18.86037544669041
481	-2.38359371552553	-0.3479923905759841	-0.4663253413167716	-0.6874227059625428	-28.798871907380356
482	-2.671389689366736	-0.38010361962286376	-0.4556678028395931	-0.6366024223372042	-30.959328121727378
483	-2.0844834870123816	-0.3189923450944723	-0.4805928345221555	-0.7414909047158322	-26.432450626613317
484	-0.7722159401911941	-0.2923806932143356	-0.6299853798659776	-1.0627255690582793	-16.470176226785448
485	-1.6307626538819746	-0.3106924380062863	-0.4919826039970894	-0.7812531203318658	-22.826499613196642
486	-2.450703641881061	-0.38486940408554626	-0.45663939791040353	-0.6292911458530692	-32.78138405396303
487	-1.8522450937540402	-0.3146767840195397	-0.4852154575759233	-0.7588614079178118	-24.524554143767563
488	-2.1437198603541976	-0.3438630980805939	-0.4684338367530916	-0.6996029134314588	-26.75757952182413
489	-1.3917655796479633	-0.335271127757232	-0.47796333276253433	-0.7834457504668833	-20.958365581597754
490	-1.8853561755894646	-0.3105147340839527	-0.46351662552151884	-0.8129312853156399	-28.119216537636262
491	-4.520302127383045	-0.6485155469849295	-0.4514589780986591	-0.3749884029982855	-46.569983647712725
492	-2.3371375439660014	-0.30982238780701254	-0.49025758544073894	-0.7398858015872933	-28.418094671925054
493	-2.4729638970727996	-0.4089365445127098	-0.44675834095294054	-0.6035148031736903	-29.547108700081896
494	-0.17884041914026438	-0.6173367881010852	-1.1194199455432337	-1.6941729449091576	-12.036290492153359
495	-3.2306398226361486	-0.4499202005569878	-0.4430534145849758	-0.546682982396691	-35.445779428568635
496	-1.7828020585646873	-0.2931795752451458	-0.4994759695620552	-0.8019453366714855	-24.257948247411225
497	-2.1472551304385434	-0.34346475030653467	-0.4683851155697676	-0.7004641728495371	-26.926112043911818
498	-1.854029479439359	-0.31435541855714133	-0.485231876355281	-0.7595815693148835	-24.627415185018744
499	-0.28400836450843014	-0.49690716034284543	-0.9502639335550489	-1.3063388835063812	-11.185421042540565
